declarationRequestNumber,region,stateAbbreviation,state,tribalRequest,declarationRequestDate,declarationRequestType,incidentName,requestedIncidentTypes,requestedIncidentBeginDate,requestedIncidentEndDate,currentRequestStatus,requestStatusDate,ihProgramRequested,iaProgramRequested,paProgramRequested,hmProgramRequested,incidentId,incidentBeginDate,id
23,10,ID,Idaho                         ,0,2000-03-03T00:00:00.000Z,Major Disaster,ID-ROCKSLIDES-02-11-2000,Mud/Landslide,2000-01-30T00:00:00.000Z,,Turndown,2000-03-17T00:00:00.000Z,0,1,0,1,2000021103,2000-01-30T00:00:00.000Z,49255d74-0082-451a-9857-12c029a8f46a
40,6,OK,Oklahoma                      ,0,2000-05-10T00:00:00.000Z,Major Disaster,OK-Tulsa Flooding-5-6-00,Flood,2000-05-05T00:00:00.000Z,2000-05-08T00:00:00.000Z,Turndown,2000-05-24T00:00:00.000Z,0,1,0,1,2000050701,2000-05-06T00:00:00.000Z,37123300-1b91-4572-bfe5-a7a7e7cd641c
46,6,LA,Louisiana                     ,0,2000-06-05T00:00:00.000Z,Major Disaster,LA-Tornado-North Louisiana-4/23/00,Tornado,2000-04-23T00:00:00.000Z,2000-04-24T00:00:00.000Z,Turndown,2000-06-21T00:00:00.000Z,0,1,0,1,2000042401,2000-04-23T00:00:00.000Z,167d9809-14b5-48c4-84aa-3b2e45600c90
51,4,NC,North Carolina                ,0,2000-06-06T00:00:00.000Z,Major Disaster,NC -Severe Storms and Possible Tornados,Severe Storm,2000-05-25T00:00:00.000Z,2000-05-25T00:00:00.000Z,Turndown,2000-06-23T00:00:00.000Z,0,0,1,1,2000052601,2000-05-25T00:00:00.000Z,dc36be54-3ed1-4a71-b4bf-523439e89e5a
56,5,IL,Illinois                      ,0,2000-06-15T00:00:00.000Z,Major Disaster,"IL-Severe Storms, Tornadoes & Flooding-05/19/2000",Severe Storm,2000-05-18T00:00:00.000Z,2000-05-26T00:00:00.000Z,Turndown,2000-06-27T00:00:00.000Z,0,0,1,1,2000051901,2000-05-19T00:00:00.000Z,bab47239-c4f8-4c2b-8cff-6472bc92305b
79,6,TX,Texas                         ,0,2000-07-27T00:00:00.000Z,Emergency,TX-Fire Emergency Request-07-27-00,Fire,2000-07-27T00:00:00.000Z,,Turndown,2000-09-20T00:00:00.000Z,0,0,1,0,2000073101,2000-07-27T00:00:00.000Z,01faa601-4689-48af-afc7-ef7660c438ec
93,1,CT,Connecticut                   ,0,2000-08-17T00:00:00.000Z,Major Disaster,CT Heavy Rains and Flooding 8-11-00,Severe Storm,2000-08-11T00:00:00.000Z,2000-08-12T00:00:00.000Z,Turndown,2000-09-21T00:00:00.000Z,0,1,0,1,2000081404,2000-08-11T00:00:00.000Z,1f8486a8-0f95-4ba7-a111-6dc8a2d3eb61
138,6,AR,Arkansas                      ,0,2000-09-08T00:00:00.000Z,Emergency,AR-Extreme Fire Hazard-8/25/00,Fire,2000-08-25T00:00:00.000Z,,Turndown,2000-09-20T00:00:00.000Z,0,0,1,0,2000090803,2000-08-25T00:00:00.000Z,c3db0344-ae3e-4fbd-959e-8a8d6188d341
154,6,OK,Oklahoma                      ,0,2000-09-22T00:00:00.000Z,Emergency,OK-Severe Fire Threat-8/29/00,Fire,2000-09-15T00:00:00.000Z,,Turndown,2000-10-11T00:00:00.000Z,0,0,1,0,2000092205,2000-09-15T00:00:00.000Z,c099b7f7-9505-40b5-a147-ea83b0dc5eca
155,5,WI,Wisconsin                     ,0,2000-09-22T00:00:00.000Z,Major Disaster," Wi-Eau Claire, Severe Storms and Flooding",Severe Storm,2000-09-10T00:00:00.000Z,2000-09-11T00:00:00.000Z,Turndown,2000-10-20T00:00:00.000Z,0,0,1,1,2000091401,2000-09-10T00:00:00.000Z,13e9ad16-8626-4ab3-9dbe-a8d6a7c1c677
162,2,NY,New York                      ,0,2000-10-10T00:00:00.000Z,Major Disaster,NY - Heavy Rains and Thunderstorms,Severe Storm,2000-09-02T00:00:00.000Z,2000-09-09T00:00:00.000Z,Turndown,2000-10-19T00:00:00.000Z,0,1,1,1,2000091202,2000-09-02T00:00:00.000Z,729fcd3f-a2ef-461e-a914-9b02229ae61b
1006,2,NY,New York                      ,0,2001-01-16T00:00:00.000Z,Major Disaster,"NY Rain Dec17, 2000",Severe Storm,2000-12-16T00:00:00.000Z,2000-12-17T00:00:00.000Z,Turndown,2001-04-03T00:00:00.000Z,0,1,1,1,2000121901,2000-12-16T00:00:00.000Z,c0d14a9b-3647-473d-a508-c088811fad9b
1027,6,AR,Arkansas                      ,0,2001-03-02T00:00:00.000Z,Major Disaster,AR-Tornadoes-2-24-01,Tornado,2001-02-24T00:00:00.000Z,2001-02-25T00:00:00.000Z,Turndown,2001-03-16T00:00:00.000Z,0,1,0,0,2001022602,2001-02-24T00:00:00.000Z,93ec6324-d02b-4e07-a8e9-40c43e57d430
1029,6,OK,Oklahoma                      ,0,2001-03-15T00:00:00.000Z,Major Disaster,OK-Ice Storm-1-27-01,Severe Ice Storm,2001-01-27T00:00:00.000Z,2001-01-29T00:00:00.000Z,Turndown,2001-04-03T00:00:00.000Z,0,0,1,1,2001030701,2001-01-27T00:00:00.000Z,3bea8c0e-877e-4a0e-b9d8-fd18e7993863
1035,6,TX,Texas                         ,0,2001-05-30T00:00:00.000Z,Major Disaster,TX-Severe Weather-2-23-01,Severe Storm,2001-02-14T00:00:00.000Z,2001-03-30T00:00:00.000Z,Turndown,2001-06-28T00:00:00.000Z,0,0,1,1,2001022701,2001-02-14T00:00:00.000Z,96818993-9631-4424-857f-ee4cb0d2bb6b
1038,1,RI,Rhode Island                  ,0,2001-04-20T00:00:00.000Z,Major Disaster,New England Nor'Easter/Flooding-03/21/2001,Flood,2001-03-22T00:00:00.000Z,2001-03-30T00:00:00.000Z,Turndown,2001-06-21T00:00:00.000Z,0,0,0,1,2001032301,2001-03-21T00:00:00.000Z,9d768a38-b4ac-4e39-898f-239c4471ccef
1078,4,FL,Florida                       ,0,2001-08-06T00:00:00.000Z,Major Disaster,R4-TS Barry,Hurricane,2001-08-02T00:00:00.000Z,,Turndown,2001-08-14T00:00:00.000Z,0,1,0,0,2001080301,2001-08-02T00:00:00.000Z,4d6b835f-fbf9-4071-9388-6522c4d6c8a4
1081,5,IL,Illinois                      ,0,2001-08-14T00:00:00.000Z,Major Disaster,IL-Chigago Flash Flood-08/02/2110,Flood,2001-08-02T00:00:00.000Z,2001-08-02T00:00:00.000Z,Turndown,2001-08-27T00:00:00.000Z,0,1,0,1,2001080302,2001-08-02T00:00:00.000Z,22e5e766-b0ff-424d-b1eb-33d9ce717839
1095,1,MA,Massachusetts                 ,0,2001-10-02T00:00:00.000Z,Emergency,Fires and Explosions,Fire,2001-09-11T00:00:00.000Z,,Turndown,2001-10-31T00:00:00.000Z,0,0,1,0,2001091102,2001-09-11T00:00:00.000Z,bd01f4fb-1275-42ef-95aa-f1808c6ced8d
1096,3,MD,Maryland                      ,0,2001-10-02T00:00:00.000Z,Major Disaster,Tornadoes and Severe Storms,Tornado,2001-09-24T00:00:00.000Z,2001-09-24T00:00:00.000Z,Turndown,2001-10-24T00:00:00.000Z,0,1,1,1,2001092501,2001-09-24T00:00:00.000Z,299bf537-1634-4994-af2f-711b701aec7c
1097,6,TX,Texas                         ,0,2001-10-03T00:00:00.000Z,Major Disaster,TX-Queen Isabel Bridge Collapse-9-15-01,Other,2001-09-15T00:00:00.000Z,,Turndown,2001-12-21T00:00:00.000Z,0,0,0,0,2001091501,2001-09-15T00:00:00.000Z,c9e2d0b1-3295-4f3b-b91d-1d8b71d34e54
1099,9,FM,Federated States of Micronesia,0,2001-09-10T00:00:00.000Z,Major Disaster,FM-Toxic Substance-08-20-2001,Toxic Substances,2001-07-01T00:00:00.000Z,2001-08-26T00:00:00.000Z,Turndown,2001-10-29T00:00:00.000Z,0,0,1,0,2001082001,2001-08-20T00:00:00.000Z,6d478ff3-a505-4050-b7f6-29b1460bb684
1101,4,FL,Florida                       ,0,2001-10-17T00:00:00.000Z,Emergency,Fires and Explosions,Fire,2001-09-11T00:00:00.000Z,,Turndown,2001-11-07T00:00:00.000Z,0,0,1,0,2001091102,2001-09-11T00:00:00.000Z,8e2ed567-92a7-497e-ae46-5fa21a68e67f
1102,6,TX,Texas                         ,0,2001-10-25T00:00:00.000Z,Major Disaster,TX-Severe Storms & Tornadoes-10-12-01,Severe Storm,2001-10-12T00:00:00.000Z,2001-10-13T00:00:00.000Z,Turndown,2001-11-27T00:00:00.000Z,0,1,1,1,2001101303,2001-10-12T00:00:00.000Z,f76c54c1-af5e-4cec-b461-80af2baf7d52
1114,6,TX,Texas                         ,0,2001-11-30T00:00:00.000Z,Major Disaster,TX-Severe Storms & Flooding-11-15-01,Severe Storm,2001-11-15T00:00:00.000Z,2001-11-18T00:00:00.000Z,Turndown,2002-01-09T00:00:00.000Z,0,1,1,1,2001111601,2001-11-15T00:00:00.000Z,a4f832fd-d5bf-42eb-b141-3b3b1b840449
1115,4,FL,Florida                       ,0,2001-12-04T00:00:00.000Z,Major Disaster,Red Tide (micro algae Karenia brevis),Other,2001-10-16T00:00:00.000Z,,Turndown,2002-03-13T00:00:00.000Z,0,0,0,0,2001120601,2001-10-16T00:00:00.000Z,461dbdd5-b0e5-4c68-b90a-ec6d6c9a5a6f
2017,4,TN,Tennessee                     ,0,2002-02-06T00:00:00.000Z,Major Disaster,TN - Severe Weather System with Flooding,Severe Storm,2002-01-23T00:00:00.000Z,,Turndown,2002-02-19T00:00:00.000Z,0,0,1,0,2002012401,2002-01-22T00:00:00.000Z,f453fd2d-ae8b-4c62-a1d7-54e6d15a3ca0
2020,4,GA,Georgia                       ,0,2002-02-21T00:00:00.000Z,Emergency,GA-Unburied and Uncremated Bodies,Other,2002-02-15T00:00:00.000Z,,Turndown,2002-02-26T00:00:00.000Z,0,0,1,0,2002021901,2002-02-17T00:00:00.000Z,12d41690-7ce1-4b58-926f-508a5d240a97
2027,1,ME,Maine                         ,0,2002-04-09T00:00:00.000Z,Major Disaster,Drought,Drought,2001-06-01T00:00:00.000Z,,Turndown,2002-07-19T00:00:00.000Z,0,1,1,1,2002032702,2002-06-01T00:00:00.000Z,d6a9b8c1-6142-49ee-84da-06f14ec19431
2029,5,IL,Illinois                      ,0,2002-04-25T00:00:00.000Z,Major Disaster,Il-Tornado-4 21 02,Tornado,2002-04-21T00:00:00.000Z,2002-04-21T00:00:00.000Z,Turndown,2002-05-07T00:00:00.000Z,0,1,1,1,2002042201,2002-04-21T00:00:00.000Z,9ca2c5ba-a965-4158-aa9d-82f40f70a540
2052,6,NM,New Mexico                    ,0,2002-06-03T00:00:00.000Z,Emergency,NM-Wildfire Threat-3-24-02,Fire,2002-03-24T00:00:00.000Z,2002-07-19T00:00:00.000Z,Turndown,2002-06-17T00:00:00.000Z,0,0,1,0,2002052901,2002-03-24T00:00:00.000Z,25b2d823-cf79-4cd3-8cd4-97755d8df2f7
2084,5,IL,Illinois                      ,0,2002-07-01T00:00:00.000Z,Major Disaster,IL-Flooding-06/04-05/02,Flood,2002-06-03T00:00:00.000Z,2002-06-05T00:00:00.000Z,Turndown,2002-07-19T00:00:00.000Z,0,0,1,1,2002061902,2002-06-04T00:00:00.000Z,d182f21b-917a-467e-baa8-9ccd83dc061a
2094,7,NE,Nebraska                      ,0,2002-07-15T00:00:00.000Z,Major Disaster,Nebraska severe storms,Severe Storm,2002-07-06T00:00:00.000Z,2002-07-06T00:00:00.000Z,Turndown,2002-07-29T00:00:00.000Z,0,1,0,1,2002070601,2002-07-06T00:00:00.000Z,059c02f3-be35-40bb-b4e1-7c720dc360b9
2106,8,ND,North Dakota                  ,0,2002-08-01T00:00:00.000Z,Emergency,ND - Wildfire Threat,Fire,2002-02-22T00:00:00.000Z,,Turndown,2002-09-05T00:00:00.000Z,0,0,1,0,2002080102,2002-02-22T00:00:00.000Z,fefe0fb4-652b-410d-929d-de03c4b6c0bd
2107,6,LA,Louisiana                     ,0,2002-08-05T00:00:00.000Z,Emergency,LA-West Nile Virus-8-5-02,Other,2002-06-01T00:00:00.000Z,,Turndown,2003-04-25T00:00:00.000Z,0,0,1,0,2002080601,2002-06-01T00:00:00.000Z,c87c4cbd-79c2-4e60-b3ad-cec8bc0cca10
2119,4,MS,Mississippi                   ,0,2002-08-16T00:00:00.000Z,Emergency,MS - West Nile Virus 8-16-02,Other,2002-07-19T00:00:00.000Z,,Turndown,2003-04-25T00:00:00.000Z,0,0,1,0,2002081601,2002-07-19T00:00:00.000Z,a98ac6e8-8b92-482d-a003-4015f7237d80
2121,2,NJ,New Jersey                    ,0,2002-08-14T00:00:00.000Z,Emergency,NJ-Severe Storm Power Outage 8-02-02,Severe Storm,2002-08-02T00:00:00.000Z,,Turndown,2003-01-08T00:00:00.000Z,0,0,1,0,2002080901,2002-08-02T00:00:00.000Z,cd434b7d-98de-4146-a378-cf6fbea61034
2122,9,AZ,Arizona                       ,0,2002-08-06T00:00:00.000Z,Major Disaster,Monsoon 7-09-2002,Other,2002-07-09T00:00:00.000Z,2002-07-15T00:00:00.000Z,Turndown,2002-08-30T00:00:00.000Z,0,1,1,1,2002071703,2002-07-09T00:00:00.000Z,a84bde59-c945-4958-b1dc-375fb7f5da11
2124,8,WY,Wyoming                       ,0,2002-08-30T00:00:00.000Z,Major Disaster,WY Flooding 08/27/02,Flood,2002-08-27T00:00:00.000Z,2002-08-28T00:00:00.000Z,Turndown,2002-09-18T00:00:00.000Z,0,0,1,1,2002082702,2002-08-27T00:00:00.000Z,366e38b9-aff4-449f-acdd-93c3f7054f4c
2132,3,VA,Virginia                      ,0,2002-08-23T00:00:00.000Z,Major Disaster,VA - Orange County Drought,Drought,2002-08-26T00:00:00.000Z,,Turndown,2003-01-21T00:00:00.000Z,0,0,1,0,2002092301,2002-08-26T00:00:00.000Z,18bff922-97d0-4bd8-9b13-948c276b6ebe
2140,4,FL,Florida                       ,0,2002-10-08T00:00:00.000Z,Emergency,Hurricane Isidore-9-23-02,Hurricane,2002-09-26T00:00:00.000Z,2002-09-27T00:00:00.000Z,Turndown,2002-11-18T00:00:00.000Z,0,0,1,0,2002092302,2002-09-21T00:00:00.000Z,229e2373-e6ff-4fc3-951a-777305a8d03b
2154,1,CT,Connecticut                   ,0,2002-12-11T00:00:00.000Z,Major Disaster,"CT-Winter Storm -Freezing rain, sleet & snow",Severe Ice Storm,2002-11-16T00:00:00.000Z,2002-11-18T00:00:00.000Z,Turndown,2003-01-08T00:00:00.000Z,0,0,1,1,2002112001,2002-11-16T00:00:00.000Z,302a54dd-4eb2-4878-aceb-cf3182d0b07b
2156,4,MS,Mississippi                   ,0,2002-12-23T00:00:00.000Z,Major Disaster,MS-Severe Storms and Tornado,Tornado,2002-12-18T00:00:00.000Z,2002-12-19T00:00:00.000Z,Turndown,2003-02-14T00:00:00.000Z,0,0,1,1,2002122001,2002-12-19T00:00:00.000Z,e5ab3a81-e83e-4c73-9416-69c07dfdd4a1
3002,10,ID,Idaho                         ,0,2000-02-18T00:00:00.000Z,Emergency,ID-ROCKSLIDES-02-11-2000,Mud/Landslide,2000-01-30T00:00:00.000Z,2000-02-11T00:00:00.000Z,Turndown,2000-03-17T00:00:00.000Z,0,0,0,0,2000021103,2000-01-30T00:00:00.000Z,e9e887f1-db57-458f-b450-29996c7d61fa
3013,1,RI,Rhode Island                  ,0,2003-02-24T00:00:00.000Z,Major Disaster,RI Nightclub Fire,Fire,2003-02-20T00:00:00.000Z,,Turndown,2003-04-23T00:00:00.000Z,1,0,1,0,2003022102,2003-02-20T00:00:00.000Z,bc69e1f7-5b39-4b35-9cb7-fc227c27fcae
3028,4,FL,Florida                       ,0,2003-03-20T00:00:00.000Z,Major Disaster,FL - Sustained severe freeze events,Freezing,2002-11-01T00:00:00.000Z,2003-02-28T00:00:00.000Z,Turndown,2003-04-28T00:00:00.000Z,0,0,0,1,2003032101,2002-11-01T00:00:00.000Z,3cd5225d-1980-423a-87ab-b197e1c10177
3031,1,NH,New Hampshire                 ,0,2003-04-09T00:00:00.000Z,Major Disaster,Mt. Washington Structural Fire,Other,2003-02-09T00:00:00.000Z,2003-02-09T00:00:00.000Z,Turndown,2003-06-20T00:00:00.000Z,0,0,1,0,2003021902,2003-02-09T00:00:00.000Z,24a8f570-3bd1-4cd8-8339-23ebfafe9131
3034,9,CA,California                    ,0,2003-04-16T00:00:00.000Z,Emergency,CA - Severe Fire Threat,Drought,2002-03-01T00:00:00.000Z,,Turndown,2003-12-22T00:00:00.000Z,0,0,1,0,2003042301,2003-04-16T00:00:00.000Z,8dacae90-ec6c-403e-b201-f9c55d2c94f6
3051,5,MI,Michigan                      ,0,2003-06-04T00:00:00.000Z,Major Disaster,MI-Dam Failure 05/14/2003,Dam/Levee Break,0003-05-10T00:00:00.000Z,2003-05-26T00:00:00.000Z,Turndown,2003-09-24T00:00:00.000Z,0,0,1,1,2003051501,2003-05-14T00:00:00.000Z,ae1b183e-6b36-4ff5-b2be-44eba295208e
3057,9,AZ,Arizona                       ,0,2003-06-12T00:00:00.000Z,Emergency,AZ-Wildfire-05-27-2003,Fire,2002-04-01T00:00:00.000Z,,Turndown,2002-01-08T00:00:00.000Z,0,0,1,0,2003052801,2003-05-27T00:00:00.000Z,8a213140-1e9f-424e-a931-8b04642d07b0
3062,4,MS,Mississippi                   ,0,2003-06-12T00:00:00.000Z,Major Disaster,MS Flooding and Damaging Winds,Severe Storm,2003-05-17T00:00:00.000Z,,Turndown,2003-08-28T00:00:00.000Z,0,0,1,1,2003063002,2003-05-17T00:00:00.000Z,fe8d344a-53f7-437d-95d1-0e305dca9d8c
3064,6,LA,Louisiana                     ,0,2003-07-09T00:00:00.000Z,Major Disaster,TS  Bill,Severe Storm,2003-06-30T00:00:00.000Z,,Turndown,2003-09-12T00:00:00.000Z,1,0,1,1,2003063003,2003-06-29T00:00:00.000Z,57b370d8-d873-4a71-93be-f2a0e277c7ed
3089,4,FL,Florida                       ,0,2003-08-13T00:00:00.000Z,Major Disaster,FL-Severe Storms and Tornadoes,Tornado,2003-08-07T00:00:00.000Z,2003-08-08T00:00:00.000Z,Turndown,2003-08-29T00:00:00.000Z,1,0,0,1,2003081301,2003-08-07T00:00:00.000Z,80e8062c-9fea-43ca-ab5b-773137944fda
3102,4,KY,Kentucky                      ,0,2003-08-29T00:00:00.000Z,Major Disaster,KY - Severe Storms and flooding,Severe Storm,2003-08-22T00:00:00.000Z,2003-08-22T00:00:00.000Z,Turndown,2003-10-07T00:00:00.000Z,1,0,0,1,2003082802,2003-08-22T00:00:00.000Z,38df6e8b-b5ae-4aae-bab9-f9a47eda6a8f
3118,2,NJ,New Jersey                    ,0,2003-10-03T00:00:00.000Z,Major Disaster,Hurricane Isabel,Hurricane,2003-09-18T00:00:00.000Z,,Turndown,2003-11-06T00:00:00.000Z,0,0,1,1,2003091101,2003-09-18T00:00:00.000Z,c0254c6a-5d33-4fa6-8b5a-4fa5c5a0882e
3119,6,TX,Texas                         ,0,2003-10-21T00:00:00.000Z,Major Disaster,TX-Severe Storms10-12-03,Severe Storm,2003-09-18T00:00:00.000Z,2003-10-20T00:00:00.000Z,Turndown,2003-11-06T00:00:00.000Z,1,0,0,1,2003101701,2003-10-12T00:00:00.000Z,53df5618-d8d8-48f5-a04c-4a2f6d6fb3e0
3139,6,TX,Texas                         ,0,2003-11-21T00:00:00.000Z,Major Disaster,TX-Severe Storms and Tornadoes-11-17-2003,Severe Storm,2003-11-17T00:00:00.000Z,2003-11-18T00:00:00.000Z,Turndown,2003-12-04T00:00:00.000Z,1,0,0,1,2003111802,2003-11-17T00:00:00.000Z,48c4e9c5-e7c2-4e68-83e4-1f434958ef22
3141,3,PA,Pennsylvania                  ,0,2003-12-05T00:00:00.000Z,Major Disaster,VA Severe Storms and Flooding 11/18/2003,Flood,2003-11-19T00:00:00.000Z,,Turndown,2004-02-10T00:00:00.000Z,1,0,0,1,2003112401,2003-11-18T00:00:00.000Z,215f9636-5763-471d-9da0-49db0db438d5
4010,3,WV,West Virginia                 ,0,2004-02-04T00:00:00.000Z,Major Disaster,WV Flood Jan 2004,Flood,2004-01-03T00:00:00.000Z,2004-01-30T00:00:00.000Z,Turndown,2004-03-04T00:00:00.000Z,0,0,1,1,2004021704,2004-01-03T00:00:00.000Z,c140a185-314e-4b74-a1be-3fbccb13a81e
4013,10,WA,Washington                    ,0,2004-02-06T00:00:00.000Z,Major Disaster,RX-WA-Winter Storm,Severe Ice Storm,2004-01-06T00:00:00.000Z,2004-01-10T00:00:00.000Z,Turndown,2004-05-28T00:00:00.000Z,0,0,1,1,2004020401,2004-02-04T00:00:00.000Z,69f5f2d3-b374-48c2-86b9-a2d11c1c6158
4015,4,MS,Mississippi                   ,0,2004-03-19T00:00:00.000Z,Major Disaster,MS - Big Bay Lake Dam Failure,Dam/Levee Break,2004-03-12T00:00:00.000Z,2004-03-12T00:00:00.000Z,Turndown,2004-04-05T00:00:00.000Z,1,0,0,1,2004031501,2004-03-12T00:00:00.000Z,8249331a-aba3-4b3c-98ba-9f0c5a303ced
4028,5,MI,Michigan                      ,0,2004-04-30T00:00:00.000Z,Major Disaster,MI-Emerald Ash Borer Infestation,Other,2004-04-30T00:00:00.000Z,,Turndown,2004-07-26T00:00:00.000Z,0,0,1,1,2004050301,2004-04-30T00:00:00.000Z,c5c22e92-8171-4c79-bef6-6f6b0c54c811
4030,6,LA,Louisiana                     ,0,2004-05-11T00:00:00.000Z,Major Disaster,LA-Flooding-4-25-04,Flood,2004-04-25T00:00:00.000Z,,Turndown,2004-08-18T00:00:00.000Z,1,0,0,1,2004042802,2004-04-25T00:00:00.000Z,d6fcdbb2-1115-48c9-bd1a-eb458fd204c3
4091,4,NC,North Carolina                ,0,2004-08-20T00:00:00.000Z,Major Disaster,Tropical Storm Bonnie and Hurricane Charley,Hurricane,2004-08-12T00:00:00.000Z,2004-08-15T00:00:00.000Z,Turndown,2004-12-01T00:00:00.000Z,1,0,1,1,2004081102,2004-08-11T00:00:00.000Z,4a269a79-a506-469e-aa92-f5407dba705b
4101,5,OH,Ohio                          ,0,2004-09-07T00:00:00.000Z,Major Disaster,Severe Storms and Flooding,Flood,2004-08-27T00:00:00.000Z,2004-08-28T00:00:00.000Z,Turndown,2004-09-20T00:00:00.000Z,1,0,1,1,2004083002,2004-08-27T00:00:00.000Z,354b3bb8-8c22-4b94-9539-1fcfa03c993c
4123,4,GA,Georgia                       ,0,2004-09-26T00:00:00.000Z,Major Disaster,Severe Storms & Flooding-remnants of Hur. Jeanne,Other,2004-09-26T00:00:00.000Z,,Turndown,2004-11-09T00:00:00.000Z,1,0,1,1,2004091501,2004-09-28T00:00:00.000Z,7aee4679-b5bb-420a-a1f7-ca781f8f5b09
4128,3,MD,Maryland                      ,0,2004-09-29T00:00:00.000Z,Major Disaster,Hurricane Ivan,Fire,2004-09-12T00:00:00.000Z,2004-09-23T00:00:00.000Z,Turndown,2004-10-18T00:00:00.000Z,1,0,0,1,2004090502,2004-09-14T00:00:00.000Z,c15aabc2-17ff-4b04-a342-67e357360a38
4132,7,IA,Iowa                          ,0,2004-10-04T00:00:00.000Z,Major Disaster,Severe storms and flooding,Severe Storm,2004-09-14T00:00:00.000Z,2004-09-21T00:00:00.000Z,Turndown,2004-11-05T00:00:00.000Z,1,0,0,1,2004091601,2004-09-14T00:00:00.000Z,0a174ebe-1ec4-43d8-9cbc-59936d20c6d7
4136,6,LA,Louisiana                     ,0,2004-12-09T00:00:00.000Z,Major Disaster,Severe Storms and Tornadoes,Severe Storm,2004-11-23T00:00:00.000Z,2004-11-23T00:00:00.000Z,Turndown,2005-02-25T00:00:00.000Z,1,0,0,1,2004112902,2004-11-23T00:00:00.000Z,941bb6db-5313-4a22-b4dd-54231d3b8b63
4137,6,TX,Texas                         ,0,2004-12-09T00:00:00.000Z,Major Disaster,Severe Storms and Flooding,Severe Storm,2004-11-15T00:00:00.000Z,2004-12-04T00:00:00.000Z,Turndown,2004-12-29T00:00:00.000Z,1,0,0,1,2004112201,2004-11-15T00:00:00.000Z,59e2b4e5-e20a-460f-8885-6917a3fdb34f
5003,4,SC,South Carolina                ,0,2005-01-11T00:00:00.000Z,Emergency,Hazardous Material Spill,Chemical,2005-01-06T00:00:00.000Z,,Turndown,2005-02-09T00:00:00.000Z,0,0,1,0,2005011104,2005-01-06T00:00:00.000Z,e9dbad9f-5ee4-4d73-bb2f-ccb94067b3da
5036,8,MT,Montana                       ,0,2005-05-02T00:00:00.000Z,Major Disaster,Severe Ice and Wind Storms,Severe Storm,2005-04-09T00:00:00.000Z,2005-04-10T00:00:00.000Z,Turndown,2005-08-08T00:00:00.000Z,0,0,1,1,2005041301,2005-04-09T00:00:00.000Z,992a9cc3-ec47-4e77-b8a2-a6a28ebb926d
5037,1,NH,New Hampshire                 ,0,2005-04-28T00:00:00.000Z,Major Disaster,"Severe Storms, Flooding, Snow Melt, and Ice Jams",Severe Storm,2005-04-01T00:00:00.000Z,2005-04-05T00:00:00.000Z,Turndown,2005-08-26T00:00:00.000Z,0,0,1,1,2005041201,2005-03-29T00:00:00.000Z,9c8507d2-39e0-4562-a700-1a3d7a669b19
5044,1,MA,Massachusetts                 ,0,2005-06-10T00:00:00.000Z,Major Disaster,Red Tide,Fishing Losses,2005-04-27T00:00:00.000Z,,Turndown,2005-08-11T00:00:00.000Z,0,0,0,0,2005061302,2005-05-04T00:00:00.000Z,2915d7df-51d2-4f6b-a179-540894b218a4
5052,1,ME,Maine                         ,0,2005-06-30T00:00:00.000Z,Major Disaster,Red Tide,Fishing Losses,2005-05-04T00:00:00.000Z,,Turndown,2005-07-27T00:00:00.000Z,0,0,0,0,2005061302,2005-05-04T00:00:00.000Z,fd3e3292-b55d-4cd0-90e7-726a5f45c6fe
5063,2,NY,New York                      ,0,2005-07-22T00:00:00.000Z,Major Disaster,Severe Storms and Flooding,Severe Storm,2005-06-06T00:00:00.000Z,2005-07-18T00:00:00.000Z,Turndown,2005-12-08T00:00:00.000Z,1,0,1,1,2005061401,2005-06-06T00:00:00.000Z,b66c5c4d-db0e-40bb-b7dc-2c75608f40f9
5064,2,NJ,New Jersey                    ,0,2005-07-21T00:00:00.000Z,Major Disaster,NJ - Severe Storms and Flooding,Severe Storm,2005-07-17T00:00:00.000Z,2005-07-17T00:00:00.000Z,Turndown,2005-10-03T00:00:00.000Z,1,0,0,1,2005072501,2005-07-17T00:00:00.000Z,7c46c9ce-4121-4fb6-ae00-7c9eeab04382
5072,1,NH,New Hampshire                 ,0,2005-08-04T00:00:00.000Z,Major Disaster,NH -- Rain and Flash Flooding,Flood,2005-06-06T00:00:00.000Z,2005-06-29T00:00:00.000Z,Turndown,2005-12-21T00:00:00.000Z,0,0,1,1,2005071201,2005-06-06T00:00:00.000Z,0a5a7e7d-ccce-4636-b225-2abb0fbcaaf1
5077,5,WI,Wisconsin                     ,0,2005-08-25T00:00:00.000Z,Major Disaster,"Severe Storms, Tornadoes, and Heavy Rains",Tornado,2005-08-18T00:00:00.000Z,2005-08-18T00:00:00.000Z,Turndown,2005-12-19T00:00:00.000Z,1,0,1,1,2005081901,2005-08-18T00:00:00.000Z,2b0b682f-075b-4566-8b7c-c8664606b287
5145,4,MS,Mississippi                   ,0,2005-10-12T00:00:00.000Z,Major Disaster,Hurricane Rita,Hurricane,2005-09-23T00:00:00.000Z,,Turndown,2005-11-04T00:00:00.000Z,1,0,1,1,2005091801,2005-09-23T00:00:00.000Z,325586de-64fa-40b1-931b-287c8d126dd2
5148,2,NJ,New Jersey                    ,0,2005-10-18T00:00:00.000Z,Major Disaster,Severe Storms and Flooding,Severe Storm,2005-10-07T00:00:00.000Z,2005-10-14T00:00:00.000Z,Turndown,2005-12-23T00:00:00.000Z,1,0,1,1,2005102001,2005-10-07T00:00:00.000Z,540b3899-ac57-4d54-ba28-f88afd39fdc8
5159,7,IA,Iowa                          ,0,2005-11-21T00:00:00.000Z,Major Disaster,Severe Storms and Tornadoes,Tornado,2005-11-12T00:00:00.000Z,2005-11-12T00:00:00.000Z,Turndown,2005-12-13T00:00:00.000Z,1,0,0,0,2005111401,2005-11-12T00:00:00.000Z,00d2fa68-07db-4a9b-9f6d-1b14463ae8e2
5160,2,NY,New York                      ,0,2005-11-23T00:00:00.000Z,Major Disaster,Severe Storms and Flooding,Severe Storm,2005-10-07T00:00:00.000Z,2005-10-17T00:00:00.000Z,Turndown,2006-02-28T00:00:00.000Z,1,0,1,1,2005102501,2005-10-07T00:00:00.000Z,47c35538-c682-4937-a64e-da253942b58d
5161,1,RI,Rhode Island                  ,0,2005-11-22T00:00:00.000Z,Major Disaster,Severe Storms and Flooding,Flood,2005-10-07T00:00:00.000Z,2005-10-15T00:00:00.000Z,Turndown,2006-02-03T00:00:00.000Z,1,0,0,1,2005102201,2005-10-07T00:00:00.000Z,1a37094e-120b-4e95-96b3-d90e5bd79604
5162,5,IN,Indiana                       ,0,2005-12-03T00:00:00.000Z,Major Disaster,"Tornadoes, Severe Storms, and Flooding",Tornado,2005-11-15T00:00:00.000Z,2005-11-15T00:00:00.000Z,Turndown,2005-12-21T00:00:00.000Z,1,0,0,0,2005111602,2005-11-15T00:00:00.000Z,73c6d90f-073a-463e-aa04-38967221f577
6073,9,CA,California                    ,0,2006-02-26T00:00:00.000Z,Emergency,Threat of Levee Failure,Other,2005-12-29T00:00:00.000Z,,Turndown,2006-05-02T00:00:00.000Z,0,0,1,0,2006030401,2005-12-29T00:00:00.000Z,5468df55-fdae-4100-bbd9-e692ba37628b
6078,4,KY,Kentucky                      ,0,2006-04-07T00:00:00.000Z,Major Disaster,Severe Storms and Tornadoes,Severe Storm,2006-04-02T00:00:00.000Z,2006-04-02T00:00:00.000Z,Turndown,2006-06-01T00:00:00.000Z,1,0,0,1,2006040401,2006-04-02T00:00:00.000Z,f52c5e00-7441-45fd-9cca-828925cb26df
6082,7,IA,Iowa                          ,0,2006-04-19T00:00:00.000Z,Major Disaster,"Severe Storms, Tornadoes, and Straight Line Winds",Severe Storm,2006-04-13T00:00:00.000Z,2006-04-14T00:00:00.000Z,Turndown,2006-08-08T00:00:00.000Z,1,0,1,1,2006041401,2006-04-13T00:00:00.000Z,093ec656-8782-4c75-a5e0-d000f3e72d69
6099,4,SC,South Carolina                ,0,2006-06-13T00:00:00.000Z,Emergency,Mill Fire,Fire,2006-06-06T00:00:00.000Z,2006-06-13T00:00:00.000Z,Turndown,2006-07-11T00:00:00.000Z,0,0,1,0,2006061401,2006-06-06T00:00:00.000Z,748c701c-c188-4699-aea5-846e735f44fb
6120,6,NM,New Mexico                    ,0,2006-07-14T00:00:00.000Z,Major Disaster,Flash Flood,Flood,2006-06-22T00:00:00.000Z,2006-06-22T00:00:00.000Z,Turndown,2006-08-23T00:00:00.000Z,1,0,0,1,2006063001,2006-06-22T00:00:00.000Z,b07ce440-04a2-449a-8813-8118bc342f4f
6123,10,OR,Oregon                        ,0,2006-06-02T00:00:00.000Z,Major Disaster,Curtailment of the Salmon Fishing Season,Drought,2006-03-15T00:00:00.000Z,,Turndown,2006-08-14T00:00:00.000Z,0,0,0,1,2006071301,2006-03-15T00:00:00.000Z,49551f10-c532-4dd2-ba09-ac85565c83cc
6127,1,CT,Connecticut                   ,0,2006-07-27T00:00:00.000Z,Major Disaster,Severe Storms and Flooding,Severe Storm,2006-06-02T00:00:00.000Z,2006-06-02T00:00:00.000Z,Turndown,2006-12-21T00:00:00.000Z,0,0,1,1,2006061903,2006-06-02T00:00:00.000Z,739d1794-f16c-4907-b7d5-856e6c9ebab2
6128,5,IL,Illinois                      ,0,2006-07-26T00:00:00.000Z,Major Disaster,Severe Storms,Severe Storm,2006-07-19T00:00:00.000Z,2006-07-21T00:00:00.000Z,Turndown,2006-10-13T00:00:00.000Z,1,0,1,1,2006072503,2006-07-19T00:00:00.000Z,ed0a98de-4cd9-4b15-b107-7e5ad921392d
6150,6,TX,Texas                         ,0,2006-08-24T00:00:00.000Z,Major Disaster,Drought and Fire Hazard,Drought,2006-06-01T00:00:00.000Z,,Turndown,2006-10-03T00:00:00.000Z,1,0,1,1,2006083001,2006-06-01T00:00:00.000Z,61e9f4eb-24b8-4dbf-b91f-caf17c4a9626
6153,5,IL,Illinois                      ,0,2006-09-11T00:00:00.000Z,Major Disaster,Severe Storms and Flooding,Severe Storm,2006-09-04T00:00:00.000Z,2006-09-04T00:00:00.000Z,Turndown,2006-12-29T00:00:00.000Z,1,0,0,1,2006090501,2006-09-04T00:00:00.000Z,35e3ca83-f117-478e-838c-cd1efbab0056
6158,7,MO,Missouri                      ,0,2006-09-28T00:00:00.000Z,Major Disaster,"Severe Storms, Tornadoes, and Flooding",Severe Storm,2006-09-22T00:00:00.000Z,2006-09-24T00:00:00.000Z,Turndown,2006-11-30T00:00:00.000Z,1,0,0,1,2006092401,2006-09-22T00:00:00.000Z,b5484162-2753-42e1-92aa-1a065422e6a1
6168,6,TX,Texas                         ,0,2006-10-31T00:00:00.000Z,Major Disaster,Severe Storms and Flooding,Severe Storm,2006-10-15T00:00:00.000Z,,Turndown,2007-01-04T00:00:00.000Z,1,0,1,1,2006103101,2006-10-15T00:00:00.000Z,760d8833-7847-4573-8fdb-bd8205a1e39a
7785,8,CO,Colorado                      ,0,2007-01-05T00:00:00.000Z,Emergency,Severe Winter Storms,Severe Storm,2006-12-18T00:00:00.000Z,2006-12-31T00:00:00.000Z,Turndown,2007-01-12T00:00:00.000Z,0,0,1,0,2007010602,2006-12-18T00:00:00.000Z,d4a03e78-9103-4068-8b09-1742a06f5eb9
7798,10,WA,Washington                    ,0,2007-02-05T00:00:00.000Z,Major Disaster,Windstorm,Severe Storm,2007-01-05T00:00:00.000Z,2007-01-07T00:00:00.000Z,Turndown,2007-03-02T00:00:00.000Z,0,0,1,1,2007013101,2007-01-05T00:00:00.000Z,ce23abb1-473d-4165-addd-4107e4a46068
7803,6,AR,Arkansas                      ,0,2007-02-27T00:00:00.000Z,Emergency,Severe Storms and Tornadoes,Severe Storm,2007-02-24T00:00:00.000Z,2007-02-24T00:00:00.000Z,Turndown,2007-03-08T00:00:00.000Z,0,0,0,0,2007022602,2007-02-24T00:00:00.000Z,db5be2ff-d86a-4060-9636-a7be97d33168
7807,10,WA,Washington                    ,0,2007-03-06T00:00:00.000Z,Emergency,Landslide,Mud/Landslide,2007-02-05T00:00:00.000Z,,Turndown,2007-06-21T00:00:00.000Z,0,0,1,0,2007021602,2007-02-05T00:00:00.000Z,2e147fba-074a-4231-8b6b-077f107c0228
7819,6,TX,Texas                         ,0,2007-04-19T00:00:00.000Z,Major Disaster,TX Severe Storms & Flooding-3-29-07,Severe Storm,2007-03-29T00:00:00.000Z,2007-03-31T00:00:00.000Z,Turndown,2007-05-15T00:00:00.000Z,0,0,1,1,2007042302,2007-03-29T00:00:00.000Z,886a765e-7934-4d04-8ed1-0c3adda199d1
7841,4,FL,Florida                       ,0,2007-05-25T00:00:00.000Z,Emergency,FL Fires,Fire,2007-03-25T00:00:00.000Z,,Turndown,2007-06-27T00:00:00.000Z,0,0,1,0,2007052601,2007-03-25T00:00:00.000Z,b47fc49b-51c4-48f5-a4ee-7254b424b0cd
7844,4,GA,Georgia                       ,0,2007-06-01T00:00:00.000Z,Emergency,GA Fires,Fire,2007-03-29T00:00:00.000Z,,Turndown,2007-06-27T00:00:00.000Z,0,0,1,0,2007060201,2007-03-29T00:00:00.000Z,a307ee81-4100-448f-bb33-02dbc2542691
7848,10,AK,Alaska                        ,0,2007-06-11T00:00:00.000Z,Major Disaster,AK-Flood Watch-01-26-2007,Flood,2007-01-25T00:00:00.000Z,2007-02-04T00:00:00.000Z,Turndown,2007-07-27T00:00:00.000Z,0,0,1,1,2007012603,2007-01-25T00:00:00.000Z,5ccda167-dc83-4e79-a7bf-43b4b28db4da
7849,7,IA,Iowa                          ,0,2007-06-05T00:00:00.000Z,Major Disaster,IA- Severe Storms and Flooding,Severe Storm,2007-06-01T00:00:00.000Z,2007-06-01T00:00:00.000Z,Turndown,2007-06-22T00:00:00.000Z,1,0,1,1,2007062001,2007-06-01T00:00:00.000Z,f8e99370-aa78-4d81-adb4-9ae74243a8e7
7860,7,MO,Missouri                      ,0,2007-07-03T00:00:00.000Z,Major Disaster,Severe Storms and Flooding,Severe Storm,2007-06-04T00:00:00.000Z,,Turndown,2007-12-05T00:00:00.000Z,1,0,1,1,2007062602,2007-06-04T00:00:00.000Z,7c261753-5cd7-4312-ac2c-55371988eaee
7911,6,TX,Texas                         ,0,2007-09-20T00:00:00.000Z,Major Disaster,Hurricane Humberto,Hurricane,2007-09-13T00:00:00.000Z,2007-09-13T00:00:00.000Z,Turndown,2007-10-16T00:00:00.000Z,1,0,1,1,2007091703,2007-09-13T00:00:00.000Z,e4fc8e4f-beba-4f36-a398-e4d6feee63e2
7913,4,GA,Georgia                       ,0,2007-10-20T00:00:00.000Z,Major Disaster,Drought Conditions,Drought,2007-09-28T00:00:00.000Z,,Turndown,2008-03-03T00:00:00.000Z,0,0,1,1,2007102205,2007-09-28T00:00:00.000Z,8d4a02cd-fa77-4001-a085-c3f837028b26
7926,5,IN,Indiana                       ,0,2007-11-02T00:00:00.000Z,Major Disaster,Severe Storms and a Tornado,Severe Storm,2007-10-18T00:00:00.000Z,2007-10-18T00:00:00.000Z,Turndown,2008-01-04T00:00:00.000Z,1,0,0,1,2007101901,2007-10-18T00:00:00.000Z,e680f50e-9695-4d7c-831e-98d220b5012d
8009,4,AL,Alabama                       ,0,2008-02-08T00:00:00.000Z,Major Disaster,"Severe Storms, Tornadoes, Straight-line Winds, an ",Severe Storm,2008-02-05T00:00:00.000Z,2008-02-06T00:00:00.000Z,Turndown,2008-03-24T00:00:00.000Z,1,0,1,1,2008020601,2008-02-05T00:00:00.000Z,7327db46-3f0a-4b71-95eb-69943c9b979b
8022,6,AR,Arkansas                      ,0,2008-02-26T00:00:00.000Z,Emergency,Ft Chaffee Fire,Fire,2008-01-29T00:00:00.000Z,2008-01-29T00:00:00.000Z,Turndown,2008-05-14T00:00:00.000Z,0,0,1,0,2008022702,2008-01-29T00:00:00.000Z,63f60615-2fc6-4a18-b9b9-8de014295f5b
8046,4,SC,South Carolina                ,0,2008-03-24T00:00:00.000Z,Major Disaster,Severe Storms and Tornadoes,Tornado,2008-03-15T00:00:00.000Z,2008-03-15T00:00:00.000Z,Turndown,2008-04-01T00:00:00.000Z,1,0,0,1,2008032501,2008-03-15T00:00:00.000Z,b6ef1663-1c57-4cc7-abd2-8c5cd550987c
8049,1,ME,Maine                         ,0,2008-03-28T00:00:00.000Z,Emergency,Record Snowfall,Snowstorm,2008-03-19T00:00:00.000Z,2008-03-22T00:00:00.000Z,Turndown,2008-05-21T00:00:00.000Z,0,0,1,0,2008032801,2008-03-19T00:00:00.000Z,ce255af5-bd9f-4051-a2f8-0f1bdb929424
8052,5,IL,Illinois                      ,0,2008-04-08T00:00:00.000Z,Major Disaster,Severe Storms and Flooding,Flood,2008-03-17T00:00:00.000Z,,Turndown,2008-08-20T00:00:00.000Z,1,0,0,1,2008032001,2008-03-17T00:00:00.000Z,c1f9c122-4760-4e67-8ed7-a9686a1320f1
8055,9,CA,California                    ,0,2008-02-19T00:00:00.000Z,Emergency,Martin's Ferry Bridge,Other,2007-12-03T00:00:00.000Z,2008-06-01T00:00:00.000Z,Turndown,2008-04-30T00:00:00.000Z,0,0,1,0,2008011701,2008-01-17T00:00:00.000Z,f4130105-01bf-44d3-9c19-b8d54e2702a9
8070,7,MO,Missouri                      ,0,2008-05-15T00:00:00.000Z,Major Disaster,Severe storms and tornadoes,Severe Storm,2008-05-01T00:00:00.000Z,2008-05-03T00:00:00.000Z,Turndown,2008-06-20T00:00:00.000Z,1,0,1,1,2008050802,2008-05-01T00:00:00.000Z,c682d38c-4fd2-40a0-a31c-c5ed05096042
8081,6,LA,Louisiana                     ,0,2008-06-03T00:00:00.000Z,Major Disaster,"Severe Storms, Tornadoes, and Flooding",Severe Storm,2008-05-13T00:00:00.000Z,2008-05-15T00:00:00.000Z,Turndown,2008-08-08T00:00:00.000Z,1,0,0,1,2008051901,2008-05-13T00:00:00.000Z,dddd8f51-ecff-4a7d-83b1-7cb58708ad8f
8088,4,GA,Georgia                       ,0,2008-05-28T00:00:00.000Z,Major Disaster,Cherokee County Tornado,Tornado,2008-05-20T00:00:00.000Z,2008-05-20T00:00:00.000Z,Turndown,2008-07-23T00:00:00.000Z,1,0,1,1,2008061301,2008-05-20T00:00:00.000Z,03567c5a-d4ef-4a09-a8c0-b9eb0155c25f
8113,10,OR,Oregon                        ,0,2008-05-30T00:00:00.000Z,Major Disaster,OR-Fishery Closure-06-06-2008,Fishing Losses,2008-03-15T00:00:00.000Z,,Turndown,2008-07-11T00:00:00.000Z,0,0,0,1,2008060601,2008-03-15T00:00:00.000Z,8468cf2a-f99d-4045-a6fd-a5635feadcb0
8128,9,CA,California                    ,0,2008-08-19T00:00:00.000Z,Major Disaster,Wildfires,Fire,2008-05-22T00:00:00.000Z,,Turndown,2008-10-23T00:00:00.000Z,1,0,1,1,2008062201,2008-06-20T00:00:00.000Z,6bc9a4ba-ab57-4762-aeff-1aa01f499fc0
8130,6,TX,Texas                         ,0,2008-08-22T00:00:00.000Z,Major Disaster,Severe Storms and Flooding,Severe Storm,2008-08-18T00:00:00.000Z,,Turndown,2008-10-23T00:00:00.000Z,1,0,1,1,2008082201,2008-08-18T00:00:00.000Z,196e8777-610f-4784-b887-ab01ab372249
8136,4,FL,Florida                       ,0,2008-08-31T00:00:00.000Z,Emergency,Hurricane Gustav,Hurricane,2008-08-31T00:00:00.000Z,,Turndown,2008-09-22T00:00:00.000Z,0,0,1,0,2008082602,2008-08-29T00:00:00.000Z,1b076223-cb0d-4f51-a3bc-17a5c819915d
8150,4,AL,Alabama                       ,0,2008-09-12T00:00:00.000Z,Emergency,Hurricane Ike,Hurricane,2008-09-12T00:00:00.000Z,,Turndown,2008-09-26T00:00:00.000Z,0,0,1,0,2008090202,2008-09-14T00:00:00.000Z,f39e0849-a261-4c6e-ae00-b9c0644021a3
8152,6,TX,Texas                         ,0,2008-09-18T00:00:00.000Z,Emergency,Severe Storms and Flooding,Severe Storm,2008-09-12T00:00:00.000Z,,Turndown,2008-10-06T00:00:00.000Z,0,0,1,0,2008091803,2008-09-12T00:00:00.000Z,f81e26a7-e949-4a12-8fc9-68e7f491a923
8155,4,MS,Mississippi                   ,0,2008-09-08T00:00:00.000Z,Emergency,Hurricane Ike,Hurricane,2008-09-08T00:00:00.000Z,,Turndown,2008-09-22T00:00:00.000Z,0,0,1,0,2008090202,2008-09-14T00:00:00.000Z,dadc7934-8ad8-4296-b045-2cbda437e3d5
8164,6,OK,Oklahoma                      ,0,2008-09-18T00:00:00.000Z,Major Disaster,OK-Severe Storms-TS Lowel 9/11/2008(2),Severe Storm,2008-09-11T00:00:00.000Z,2008-09-19T00:00:00.000Z,Turndown,2008-10-06T00:00:00.000Z,1,0,0,1,2008100201,2008-09-11T00:00:00.000Z,69305fc0-accd-4439-b2c5-50f43acbe4fb
8165,9,FM,Federated States of Micronesia,0,2008-07-31T00:00:00.000Z,Major Disaster,High Tides and Drought,Other,2008-03-11T00:00:00.000Z,,Turndown,2008-10-06T00:00:00.000Z,0,0,0,0,2008031101,2008-03-11T00:00:00.000Z,1673626c-6a4b-43f8-a698-ef42e4252e3e
8167,4,FL,Florida                       ,0,2008-10-07T00:00:00.000Z,Major Disaster,Hurricane Ike,Hurricane,2008-09-08T00:00:00.000Z,2008-09-12T00:00:00.000Z,Turndown,2008-12-18T00:00:00.000Z,0,0,1,1,2008100804,2008-09-08T00:00:00.000Z,aed489e0-d34f-4efd-9294-13adbd9237b3
8174,4,NC,North Carolina                ,0,2008-10-24T00:00:00.000Z,Major Disaster,94L Non-Tropical Low,Coastal Storm,2008-09-24T00:00:00.000Z,2008-09-28T00:00:00.000Z,Turndown,2008-11-05T00:00:00.000Z,0,0,1,0,2008092901,2008-09-25T00:00:00.000Z,4f9c696f-d66d-4a3e-a940-fe4662d49ed6
9006,3,MD,Maryland                      ,0,2009-01-09T00:00:00.000Z,Emergency,56th Presidential Inauguration,Other,2009-01-17T00:00:00.000Z,2009-01-21T00:00:00.000Z,Turndown,2009-04-10T00:00:00.000Z,0,0,1,0,2009010801,2009-01-17T00:00:00.000Z,61cae38a-2a55-4bea-986b-d049acd157bd
9008,3,VA,Virginia                      ,0,2009-01-13T00:00:00.000Z,Emergency,56th Presidential Inauguration,Other,2009-01-17T00:00:00.000Z,2009-01-21T00:00:00.000Z,Turndown,2009-04-10T00:00:00.000Z,0,0,1,0,2009010801,2009-01-17T00:00:00.000Z,8fa2cdfd-6177-419b-8e08-1e517004589f
9022,6,TX,Texas                         ,0,2009-02-25T00:00:00.000Z,Emergency,Extreme Fire Hazard,Fire,2009-01-16T00:00:00.000Z,,Turndown,2009-05-06T00:00:00.000Z,0,0,1,0,2009022501,2009-01-16T00:00:00.000Z,294c34ce-8f5e-410c-9bc6-0d80e91bfa4f
9027,8,ND,North Dakota                  ,0,2009-02-19T00:00:00.000Z,Emergency,Snow,Snowstorm,2008-11-04T00:00:00.000Z,,Turndown,2009-05-20T00:00:00.000Z,0,0,1,0,2009030301,2008-11-04T00:00:00.000Z,b900047a-3344-4301-83d2-18fa46971ab0
9056,6,TX,Texas                         ,0,2009-04-16T00:00:00.000Z,Major Disaster,Wildfires,Fire,2009-04-07T00:00:00.000Z,,Turndown,2009-05-08T00:00:00.000Z,1,0,1,1,2009041702,2009-04-07T00:00:00.000Z,17a89113-e7a9-4e0b-88ff-bcb8e25aba3e
9076,6,OK,Oklahoma                      ,0,2009-05-21T00:00:00.000Z,Major Disaster,"Severe Storms, Tornadoes, and Flooding",Severe Storm,2009-04-25T00:00:00.000Z,2009-05-16T00:00:00.000Z,Turndown,2009-09-02T00:00:00.000Z,0,0,1,1,2009052601,2009-04-25T00:00:00.000Z,37d96791-6e77-4b03-bd21-c38901d4ede4
9082,3,PA,Pennsylvania                  ,0,2009-06-29T00:00:00.000Z,Major Disaster,Severe Storms and Flooding,Flood,2009-05-28T00:00:00.000Z,,Turndown,2009-09-03T00:00:00.000Z,1,0,0,1,2009062601,2009-05-28T00:00:00.000Z,dd303ef9-27c5-46d8-a963-7fd5d7ad96ad
9085,9,CA,California                    ,0,2009-06-19T00:00:00.000Z,Major Disaster,Drought,Drought,2009-04-14T00:00:00.000Z,,Turndown,2009-10-19T00:00:00.000Z,0,0,0,0,2009071001,2009-06-19T00:00:00.000Z,624ff1c8-4e58-4013-9191-d74109ed784a
9095,6,TX,Texas                         ,0,2009-08-18T00:00:00.000Z,Emergency,Extreme Fire Hazard,Fire,2009-07-15T00:00:00.000Z,,Turndown,2009-09-16T00:00:00.000Z,0,0,1,0,2009082501,2009-07-15T00:00:00.000Z,2c786784-bfd1-40d3-abbf-e170fdb93803
9109,5,IN,Indiana                       ,0,2009-09-09T00:00:00.000Z,Major Disaster,Severe Storms and Flooding,Severe Storm,2009-08-04T00:00:00.000Z,2009-08-09T00:00:00.000Z,Turndown,2009-11-03T00:00:00.000Z,1,0,1,1,2009082401,2009-08-04T00:00:00.000Z,1cc37cd8-d5e2-411e-8958-a7e6bae29482
9117,9,AZ,Arizona                       ,0,2008-10-06T00:00:00.000Z,Major Disaster,AZ-Havasupai Flood-08-17-2008,Flood,2008-08-17T00:00:00.000Z,,Turndown,2009-12-04T00:00:00.000Z,0,0,1,1,2008102201,2008-08-17T00:00:00.000Z,68bdf181-16c0-44d5-9f08-e11592ce4139
10007,4,AL,Alabama                       ,0,2010-02-01T00:00:00.000Z,Major Disaster,Subfreezing Temperatures,Freezing,2010-01-07T00:00:00.000Z,2010-01-12T00:00:00.000Z,Turndown,2010-04-28T00:00:00.000Z,0,0,1,1,2010020101,2010-01-07T00:00:00.000Z,279861bf-97c2-4972-a0b7-4be10a9bb420
10009,2,NY,New York                      ,0,2010-02-02T00:00:00.000Z,Major Disaster,Snowstorm,Snowstorm,2009-12-18T00:00:00.000Z,2009-12-20T00:00:00.000Z,Turndown,2010-05-10T00:00:00.000Z,0,0,1,1,2010011901,2009-12-19T00:00:00.000Z,75e01cd4-3018-403d-92d6-085fa3db3e0f
10034,4,FL,Florida                       ,0,2010-03-18T00:00:00.000Z,Major Disaster,Subfreezing Temperatures,Freezing,2010-01-02T00:00:00.000Z,2010-02-01T00:00:00.000Z,Turndown,2010-04-16T00:00:00.000Z,1,0,0,0,2010032201,2010-01-02T00:00:00.000Z,2dd73a56-8601-4128-8411-8b6897863ff8
10056,6,LA,Louisiana                     ,0,2010-05-07T00:00:00.000Z,Major Disaster,Tornado ,Severe Storm,2010-04-24T00:00:00.000Z,2010-04-24T00:00:00.000Z,Turndown,2010-07-23T00:00:00.000Z,1,0,1,1,2010050401,2010-04-24T00:00:00.000Z,705f19da-7a07-49d2-8a78-fa1edae930d5
10057,6,AR,Arkansas                      ,0,2010-05-10T00:00:00.000Z,Major Disaster,"Severe Storms, Tornadoes, and Flooding",Severe Storm,2010-04-30T00:00:00.000Z,,Turndown,2010-05-20T00:00:00.000Z,1,0,0,1,2010050402,2010-04-30T00:00:00.000Z,53a2d80d-71af-4567-b44e-337499fb94b0
10063,5,OH,Ohio                          ,0,2010-06-09T00:00:00.000Z,Major Disaster,OH-Tornado-06062010,Tornado,2010-06-05T00:00:00.000Z,2010-06-06T00:00:00.000Z,Turndown,2010-07-30T00:00:00.000Z,1,0,1,1,2010060601,2010-06-06T00:00:00.000Z,0ffc86ca-56d1-4af5-a81b-b11a5d51174b
10065,5,IL,Illinois                      ,0,2010-06-18T00:00:00.000Z,Major Disaster,Severe Storms and Tornadoes,Tornado,2010-06-05T00:00:00.000Z,2010-06-05T00:00:00.000Z,Turndown,2010-06-29T00:00:00.000Z,1,0,0,1,2010060602,2010-06-05T00:00:00.000Z,c6f76ef2-a3de-4690-8429-6934b4986baa
10077,6,OK,Oklahoma                      ,0,2010-07-19T00:00:00.000Z,Major Disaster,"Tornadoes, Severe Storms, and Flooding",Severe Storm,2010-07-06T00:00:00.000Z,2010-07-12T00:00:00.000Z,Turndown,2010-07-28T00:00:00.000Z,1,0,0,1,2010070901,2010-07-06T00:00:00.000Z,a3e8b5cd-6f27-4800-888d-14a1a848a7e2
10098,1,RI,Rhode Island                  ,0,2010-09-02T00:00:00.000Z,Emergency,Hurricane Earl,Hurricane,2010-08-30T00:00:00.000Z,,Turndown,2010-11-03T00:00:00.000Z,0,0,1,0,2010083102,2010-09-01T00:00:00.000Z,323934a6-8272-4e12-9ce4-5f1d775648ed
10100,1,CT,Connecticut                   ,0,2010-08-20T00:00:00.000Z,Major Disaster,Severe Storm and Tornado,Tornado,2010-06-24T00:00:00.000Z,2010-06-24T00:00:00.000Z,Turndown,2010-10-08T00:00:00.000Z,1,0,1,1,2010062801,2010-06-24T00:00:00.000Z,2d0d25bf-0ba1-4367-94ef-694e379aace8
10110,6,TX,Texas                         ,0,2010-09-20T00:00:00.000Z,Major Disaster,Trop Storm Hermine ,Other,2010-09-06T00:00:00.000Z,2010-09-10T00:00:00.000Z,Turndown,2010-11-05T00:00:00.000Z,1,0,1,1,2010090701,2010-09-06T00:00:00.000Z,fad0a003-0608-47b7-8091-1dab02678f06
10111,9,CA,California                    ,0,2010-09-15T00:00:00.000Z,Major Disaster,Explosions and Fires,Fire,2010-09-09T00:00:00.000Z,2010-09-11T00:00:00.000Z,Turndown,2010-10-28T00:00:00.000Z,1,0,1,1,2010091001,2010-09-09T00:00:00.000Z,d8906417-2b2b-434d-847f-b9b0b2a6a4f3
11001,7,MO,Missouri                      ,0,2011-01-14T00:00:00.000Z,Major Disaster,Severe Storms and Tornadoes,Severe Storm,2010-12-30T00:00:00.000Z,2010-12-31T00:00:00.000Z,Turndown,2011-01-26T00:00:00.000Z,1,0,0,1,2011010101,2010-12-30T00:00:00.000Z,d7d96d5a-7cab-4b14-9300-8fffa909bccb
11009,10,WA,Washington                    ,0,2011-02-14T00:00:00.000Z,Major Disaster,"Severe Winter Storm, Flooding, Landslides, and Mud",Severe Storm,2010-12-08T00:00:00.000Z,2010-12-18T00:00:00.000Z,Turndown,2011-05-17T00:00:00.000Z,0,0,1,1,2011010401,2010-12-08T00:00:00.000Z,1bc893e1-d2e0-4b3e-8f38-1c374be5c895
11024,5,IN,Indiana                       ,0,2011-03-14T00:00:00.000Z,Major Disaster,Severe Winter Storm,Severe Storm,2011-01-31T00:00:00.000Z,2011-02-04T00:00:00.000Z,Turndown,2011-04-20T00:00:00.000Z,0,0,1,1,2011020101,2011-01-31T00:00:00.000Z,bf954cb2-b210-472a-a79f-f8597058c64b
11030,6,LA,Louisiana                     ,0,2011-03-18T00:00:00.000Z,Major Disaster,Tornado,Tornado,2011-03-05T00:00:00.000Z,2011-03-05T00:00:00.000Z,Turndown,2011-05-10T00:00:00.000Z,1,0,1,1,2011031501,2011-03-05T00:00:00.000Z,7f537e0b-4323-4c69-991c-7fdee72bd19f
11041,4,MS,Mississippi                   ,0,2011-03-31T00:00:00.000Z,Major Disaster,Severe Storms and Flooding,Severe Storm,2011-03-08T00:00:00.000Z,2011-03-09T00:00:00.000Z,Turndown,2011-04-08T00:00:00.000Z,1,0,0,0,2011031001,2011-03-08T00:00:00.000Z,0b50630a-b8cc-474f-80bb-e1c441072632
11050,2,NJ,New Jersey                    ,0,2011-03-31T00:00:00.000Z,Major Disaster,Severe Storms and Flooding,Severe Storm,2011-03-10T00:00:00.000Z,2011-03-17T00:00:00.000Z,Turndown,2011-05-31T00:00:00.000Z,1,0,1,1,2011031002,2011-03-10T00:00:00.000Z,5ff1ec82-f50c-42f1-b5e4-a31080481a67
11068,4,AL,Alabama                       ,0,2011-04-19T00:00:00.000Z,Major Disaster,"Severe Storms, Tornadoes, and Flooding",Severe Storm,2011-04-15T00:00:00.000Z,2011-04-16T00:00:00.000Z,Turndown,2011-04-22T00:00:00.000Z,1,0,0,1,2011041701,2011-04-15T00:00:00.000Z,c27258c4-351b-4e00-96a8-0f9d151258d3
11073,10,WA,Washington                    ,0,2011-03-25T00:00:00.000Z,Major Disaster,WA-White Swan Fire 02-12-2011,Fire,2011-02-12T00:00:00.000Z,2011-02-13T00:00:00.000Z,Turndown,2011-07-01T00:00:00.000Z,1,0,1,1,2011022502,2011-02-12T00:00:00.000Z,0fdd38b6-0c3b-4787-88d3-90b802321918
11075,3,VA,Virginia                      ,0,2011-04-18T00:00:00.000Z,Major Disaster,"Severe Storms, Tornadoes, and  Flooding",Severe Storm,2011-04-08T00:00:00.000Z,2011-04-08T00:00:00.000Z,Turndown,2011-06-23T00:00:00.000Z,1,0,0,1,2011041103,2011-04-08T00:00:00.000Z,c03efe23-ee63-449b-a5fe-94d66eb4b56e
11111,9,CA,California                    ,0,2011-04-22T00:00:00.000Z,Major Disaster,"Severe Storms, Flooding, and Debris and Mud Flows",Severe Storm,2011-03-15T00:00:00.000Z,2011-03-27T00:00:00.000Z,Turndown,2011-08-04T00:00:00.000Z,0,0,1,1,2011052401,2011-03-15T00:00:00.000Z,c7603be2-260d-4d12-ae3d-32c056d0dde1
11164,2,NY,New York                      ,0,2011-07-13T00:00:00.000Z,Major Disaster,Severe Storms and Flooding,Severe Storm,2011-05-13T00:00:00.000Z,2011-05-31T00:00:00.000Z,Turndown,2011-11-23T00:00:00.000Z,0,0,1,1,2011071501,2011-05-09T00:00:00.000Z,58232fd9-60d4-4285-8529-94a9dd4c1b13
11205,5,IL,Illinois                      ,0,2011-08-26T00:00:00.000Z,Major Disaster,Severe Storms and Flooding,Severe Storm,2011-07-27T00:00:00.000Z,2011-07-28T00:00:00.000Z,Turndown,2011-09-09T00:00:00.000Z,0,0,1,1,2011083103,2011-07-27T00:00:00.000Z,f0094f10-7797-488e-8e4a-0fbe21d3a94b
11232,3,MD,Maryland                      ,0,2011-09-08T00:00:00.000Z,Emergency,Remnants of Tropical Storm Lee,Severe Storm,2011-09-03T00:00:00.000Z,,Turndown,2011-11-10T00:00:00.000Z,0,0,1,0,2011090802,2011-09-08T00:00:00.000Z,dddf77d8-a566-4cec-ae54-44e6f7cd5d26
11245,7,NE,Nebraska                      ,0,2011-09-15T00:00:00.000Z,Major Disaster,Severe Storms and Flooding,Severe Storm,2011-08-18T00:00:00.000Z,2011-08-22T00:00:00.000Z,Turndown,2011-11-09T00:00:00.000Z,0,0,1,1,2011091505,2011-08-18T00:00:00.000Z,cbef44ea-bc41-4ace-a933-ef548609612d
11253,3,VA,Virginia                      ,0,2011-10-08T00:00:00.000Z,Major Disaster,Remnants of Tropical Storm Lee,Severe Storm,2011-09-08T00:00:00.000Z,2011-09-09T00:00:00.000Z,Turndown,2011-11-04T00:00:00.000Z,1,0,1,1,2011090802,2011-09-08T00:00:00.000Z,12366f1f-18f7-4911-83ec-8a6792b827c6
11264,6,OK,Oklahoma                      ,0,2011-11-21T00:00:00.000Z,Major Disaster,Earthquakes,Earthquake,2011-11-05T00:00:00.000Z,,Turndown,2011-11-30T00:00:00.000Z,1,0,0,1,2011112201,2011-11-05T00:00:00.000Z,1e905d9d-07d4-462c-9061-fee03152b8c6
12008,7,MO,Missouri                      ,0,2012-03-07T00:00:00.000Z,Major Disaster,"Severe Storms, Straight-line Winds, and Tornadoes",Severe Storm,2012-02-28T00:00:00.000Z,2012-03-01T00:00:00.000Z,Turndown,2012-03-12T00:00:00.000Z,1,0,0,1,2012022902,2012-02-28T00:00:00.000Z,4513a1e2-05e9-4bb3-8398-826912169a1e
12010,5,IL,Illinois                      ,0,2012-03-07T00:00:00.000Z,Major Disaster,Severe Storms and Tornadoes,Tornado,2012-02-29T00:00:00.000Z,2012-03-02T00:00:00.000Z,Turndown,2012-03-21T00:00:00.000Z,1,0,0,1,2012030601,2012-02-29T00:00:00.000Z,559e5043-e592-4227-927d-1782b47335ba
12011,5,OH,Ohio                          ,0,2012-03-07T00:00:00.000Z,Major Disaster,Severe Storms and Tornado,Severe Storm,2012-03-02T00:00:00.000Z,2012-03-02T00:00:00.000Z,Turndown,2012-03-09T00:00:00.000Z,1,0,0,1,2012030602,2012-03-02T00:00:00.000Z,15a5a09f-a0be-4cc4-a5a7-59f281203e29
12018,6,OK,Oklahoma                      ,0,2012-04-18T00:00:00.000Z,Major Disaster,"Severe Storms, Tornadoes, and Straight-line Winds",Severe Storm,2012-04-13T00:00:00.000Z,,Turndown,2012-04-20T00:00:00.000Z,1,0,0,1,2012041601,2012-04-13T00:00:00.000Z,e039c559-2a59-4f41-a96b-c7da8b464654
12019,6,LA,Louisiana                     ,0,2012-04-26T00:00:00.000Z,Major Disaster,Severe Storms and Flooding,Severe Storm,2012-03-11T00:00:00.000Z,2012-03-12T00:00:00.000Z,Turndown,2012-05-08T00:00:00.000Z,1,0,1,1,2012041201,2012-03-11T00:00:00.000Z,b08ccc1f-b70c-4005-ba8f-21f81ff905a9
12021,6,LA,Louisiana                     ,0,2012-05-01T00:00:00.000Z,Major Disaster,"Severe Storms, Tornadoes, and Flooding",Severe Storm,2012-03-20T00:00:00.000Z,2012-03-22T00:00:00.000Z,Turndown,2012-05-08T00:00:00.000Z,1,0,1,1,2012041202,2012-03-20T00:00:00.000Z,f1b2d465-4011-4f8d-a562-4e9d1dd0e5b7
12025,5,MI,Michigan                      ,0,2012-06-01T00:00:00.000Z,Major Disaster,MI - Severe Storms and Flooding,Flood,2012-05-03T00:00:00.000Z,2012-05-05T00:00:00.000Z,Turndown,2012-06-08T00:00:00.000Z,1,0,0,1,2012051801,2012-05-03T00:00:00.000Z,42f61128-0045-4cbb-ab2b-d1864690f3ea
12044,4,FL,Florida                       ,0,2012-06-30T00:00:00.000Z,Major Disaster,Severe Storms and Flooding,Severe Storm,2012-06-09T00:00:00.000Z,2012-06-11T00:00:00.000Z,Turndown,2012-08-13T00:00:00.000Z,1,0,0,1,2012070101,2012-06-09T00:00:00.000Z,9cb02b98-cd8b-4895-97d6-76bc6d78c8f6
12079,7,NE,Nebraska                      ,0,2012-08-28T00:00:00.000Z,Major Disaster,Region 24 Fire Complex ,Fire,2012-07-20T00:00:00.000Z,2012-07-29T00:00:00.000Z,Turndown,2012-11-09T00:00:00.000Z,0,0,1,1,2012080202,2012-07-20T00:00:00.000Z,d75ba0c9-7683-43e2-8fe9-a69f57be5d8c
12097,6,OK,Oklahoma                      ,0,2012-09-27T00:00:00.000Z,Major Disaster,Wildfires,Fire,2012-07-28T00:00:00.000Z,2012-08-14T00:00:00.000Z,Turndown,2012-10-15T00:00:00.000Z,0,0,1,1,2012080602,2012-07-28T00:00:00.000Z,3174dcbb-8aa5-4c25-96ca-49dd745fdc1f
12118,4,FL,Florida                       ,0,2012-11-01T00:00:00.000Z,Major Disaster,Hurricane Sandy,Hurricane,2012-10-24T00:00:00.000Z,,Turndown,2013-01-17T00:00:00.000Z,0,0,1,1,2012102505,2012-10-27T00:00:00.000Z,5a807e93-d95c-4dee-bcee-56025bd80e4e
13016,6,TX,Texas                         ,0,2013-04-22T00:00:00.000Z,Major Disaster,Explosion,Other,2013-04-17T00:00:00.000Z,2013-04-23T00:00:00.000Z,Turndown,2013-06-10T00:00:00.000Z,1,0,1,1,2013041901,2013-04-17T00:00:00.000Z,146953c3-5314-4542-872c-7d7631ab701a
13057,9,AZ,Arizona                       ,0,2013-07-12T00:00:00.000Z,Major Disaster,Yarnell Hill Fire,Fire,2013-06-28T00:00:00.000Z,,Turndown,2013-09-13T00:00:00.000Z,1,0,0,1,2013063001,2013-06-30T00:00:00.000Z,a9112df6-8c0c-46ee-b2b8-1bbbb755f9f9
13061,9,AZ,Arizona                       ,1,2013-05-03T00:00:00.000Z,Major Disaster,San Carlos Apache Tribe Power Outage,Other,2013-05-02T00:00:00.000Z,2013-05-04T00:00:00.000Z,Turndown,2013-08-05T00:00:00.000Z,0,0,1,1,2013062101,2013-05-02T00:00:00.000Z,748fe652-8646-42eb-8f6a-4c2eb3c7d9e3
13089,8,SD,South Dakota                  ,1,2013-09-10T00:00:00.000Z,Major Disaster,SD - Severe Storms ,Severe Storm,2013-07-30T00:00:00.000Z,2013-07-31T00:00:00.000Z,Turndown,2013-12-12T00:00:00.000Z,0,0,0,0,2013081601,2013-07-30T00:00:00.000Z,961e6a3e-7e37-47e5-b60a-36cd6d7d4ba1
13093,9,AZ,Arizona                       ,0,2013-10-10T00:00:00.000Z,Major Disaster,Flooding,Flood,2013-09-13T00:00:00.000Z,2013-09-17T00:00:00.000Z,Turndown,2013-11-01T00:00:00.000Z,0,0,1,1,2013102403,2013-09-13T00:00:00.000Z,561ae75a-018e-49c2-9201-60d8baf8c8cc
13099,5,IN,Indiana                       ,0,2013-12-04T00:00:00.000Z,Major Disaster,"Severe Storms, Straight-line Winds, and Tornadoes",Severe Storm,2013-11-17T00:00:00.000Z,2013-11-17T00:00:00.000Z,Turndown,2014-01-07T00:00:00.000Z,1,0,0,1,2013111702,2013-11-17T00:00:00.000Z,eaa605a6-084e-46db-b301-89a6548dc4f9
14007,6,TX,Texas                         ,0,2014-01-17T00:00:00.000Z,Major Disaster,Severe Winter Storm,Severe Storm,2013-12-05T00:00:00.000Z,2013-12-09T00:00:00.000Z,Turndown,2014-04-15T00:00:00.000Z,0,0,1,1,2014012202,2013-12-05T00:00:00.000Z,8d8fce7c-c886-40ac-bce0-3cd31822698f
14012,1,CT,Connecticut                   ,0,2014-02-14T00:00:00.000Z,Emergency,Region 1  2-13-2014 Severe Winter Storm ,Severe Storm,2014-02-13T00:00:00.000Z,2014-02-17T00:00:00.000Z,Turndown,2014-02-17T00:00:00.000Z,0,0,1,0,2014021501,2014-02-13T00:00:00.000Z,b37e63e4-2cff-460b-a745-43b64addfb05
14017,1,ME,Maine                         ,0,2014-02-21T00:00:00.000Z,Major Disaster,Severe Winter Storms,Severe Ice Storm,2013-12-20T00:00:00.000Z,2014-01-01T00:00:00.000Z,Turndown,2014-03-12T00:00:00.000Z,0,0,1,1,2013122601,2013-12-20T00:00:00.000Z,3b4328b3-932c-4479-9b82-99420e44ca5e
14018,3,WV,West Virginia                 ,0,2014-03-21T00:00:00.000Z,Major Disaster,Chemical Spill,Chemical,2014-01-09T00:00:00.000Z,2014-01-20T00:00:00.000Z,Turndown,2014-05-20T00:00:00.000Z,0,0,1,1,2014011002,2014-01-09T00:00:00.000Z,ae5528bf-0013-4d33-a0b9-ae917519a862
14031,4,NC,North Carolina                ,0,2014-05-02T00:00:00.000Z,Major Disaster,"Severe Storms, Tornadoes, Straight-line Winds, and",Severe Storm,2014-04-25T00:00:00.000Z,2014-04-26T00:00:00.000Z,Turndown,2014-05-09T00:00:00.000Z,1,0,0,1,2014042501,2014-04-28T00:00:00.000Z,b5210b48-d65d-4e0a-bd67-d3d8a880f201
14037,1,NH,New Hampshire                 ,0,2014-05-21T00:00:00.000Z,Major Disaster,Severe Storms and Flooding,Flood,2014-04-15T00:00:00.000Z,2014-04-16T00:00:00.000Z,Turndown,2014-07-17T00:00:00.000Z,0,0,1,1,2014041501,2014-04-15T00:00:00.000Z,31d2c896-5650-47c1-bcf8-da854a36d6ee
14047,8,SD,South Dakota                  ,0,2014-07-02T00:00:00.000Z,Major Disaster,"Severe Storms, Tornadoes, and Flooding",Flood,2014-06-13T00:00:00.000Z,2014-06-20T00:00:00.000Z,Turndown,2014-07-10T00:00:00.000Z,1,0,0,1,2014061801,2014-06-13T00:00:00.000Z,bf7f7968-7fe4-4f68-ab27-ee8c1a1d25ca
14056,5,WI,Wisconsin                     ,0,2014-07-23T00:00:00.000Z,Major Disaster,Extreme Cold and Deep Freeze,Freezing,2014-01-01T00:00:00.000Z,2014-04-07T00:00:00.000Z,Turndown,2014-09-04T00:00:00.000Z,0,0,1,1,2014072202,2014-01-01T00:00:00.000Z,5db96ca5-52fd-4afc-a6e6-c24f9f0ec13b
14075,9,HI,Hawaii                        ,0,2014-08-21T00:00:00.000Z,Major Disaster,Tropical Storm Iselle,Hurricane,2014-08-07T00:00:00.000Z,2014-08-09T00:00:00.000Z,Turndown,2014-10-16T00:00:00.000Z,1,0,1,1,2014080402,2014-08-07T00:00:00.000Z,2cfaf040-9080-49cc-be95-5fa5fe64fb10
14085,1,VT,Vermont                       ,0,2014-09-04T00:00:00.000Z,Major Disaster,Region I 7-28-2014 Severe Storms and Flooding,Flood,2014-07-28T00:00:00.000Z,2014-07-28T00:00:00.000Z,Turndown,2014-09-23T00:00:00.000Z,0,0,1,1,2014080401,2014-07-28T00:00:00.000Z,7c43d987-da20-49a5-bb23-919aec2de83e
14090,8,ND,North Dakota                  ,0,2014-10-08T00:00:00.000Z,Major Disaster,Severe Storms and Flooding,Flood,2014-08-15T00:00:00.000Z,2014-08-25T00:00:00.000Z,Turndown,2014-11-26T00:00:00.000Z,0,0,1,0,2014090904,2014-08-15T00:00:00.000Z,b1134ccd-2907-4a6f-ac03-2b87bd218dd9
14094,8,UT,Utah                          ,0,2014-10-22T00:00:00.000Z,Major Disaster,Severe Storms and Flooding,Flood,2014-09-27T00:00:00.000Z,2014-09-27T00:00:00.000Z,Turndown,2014-11-03T00:00:00.000Z,1,0,0,1,2014102701,2014-09-27T00:00:00.000Z,3770caef-d21f-428c-9e7b-e23dbcc10ccf
15008,6,OK,Oklahoma                      ,0,2015-04-01T00:00:00.000Z,Major Disaster,OK - Tornadoes - Severe Storms - Straight-line Win,Tornado,2015-03-25T00:00:00.000Z,2015-03-26T00:00:00.000Z,Turndown,2015-04-03T00:00:00.000Z,1,0,0,1,2015040101,2015-03-25T00:00:00.000Z,ef32aa2d-e7cb-479b-a9a1-cebb6a2cf7d6
15020,3,MD,Maryland                      ,0,2015-05-22T00:00:00.000Z,Major Disaster,R3_Baltimore_City_Unrest,Civil Unrest,2015-04-25T00:00:00.000Z,2015-05-01T00:00:00.000Z,Turndown,2015-07-29T00:00:00.000Z,0,0,1,0,2015052801,2015-04-27T00:00:00.000Z,bc1a8829-4183-45f6-952a-f2811070d0ea
15023,8,SD,South Dakota                  ,0,2015-05-27T00:00:00.000Z,Major Disaster,SD Severe Storm and Tornado,Tornado,2015-05-10T00:00:00.000Z,2015-05-10T00:00:00.000Z,Turndown,2015-06-03T00:00:00.000Z,1,0,0,1,2015051301,2015-05-10T00:00:00.000Z,9d98d891-9889-48f2-9e75-f8b3ba3b7e8b
15028,7,IA,Iowa                          ,0,2015-06-17T00:00:00.000Z,Major Disaster,Iowa Highly Pathogenic Avian Influenza (HPAI) 2015,Other,2015-04-13T00:00:00.000Z,,Turndown,2015-07-07T00:00:00.000Z,0,0,0,1,2015061804,2015-04-13T00:00:00.000Z,db50b139-b415-484a-b178-6a78348fcb67
15060,10,AK,Alaska                        ,0,2015-07-24T00:00:00.000Z,Major Disaster,Wildfires,Fire,2015-06-14T00:00:00.000Z,,Turndown,2015-08-19T00:00:00.000Z,1,0,1,1,2015081702,2015-06-14T00:00:00.000Z,faf611eb-3036-4308-8a32-d6191565ca4b
15069,4,FL,Florida                       ,0,2015-08-26T00:00:00.000Z,Major Disaster,Severe Storms and Flooding,Flood,2015-08-01T00:00:00.000Z,2015-08-09T00:00:00.000Z,Turndown,2015-09-23T00:00:00.000Z,1,0,0,1,2015081001,2015-08-01T00:00:00.000Z,ffe7d2fa-0347-42f2-b8db-13ef76076dd2
15071,5,IN,Indiana                       ,0,2015-08-31T00:00:00.000Z,Major Disaster,Indiana_Flooding_06182015,Flood,2015-06-07T00:00:00.000Z,2015-07-29T00:00:00.000Z,Turndown,2015-10-20T00:00:00.000Z,0,0,1,1,2015061802,2015-06-18T00:00:00.000Z,20644b83-6c6e-4b87-ba47-6ada487e7827
15084,9,AZ,Arizona                       ,1,2015-10-02T00:00:00.000Z,Emergency,Chemical Spill,Chemical,2015-08-05T00:00:00.000Z,,Turndown,2015-10-20T00:00:00.000Z,0,0,1,0,2015102001,2015-09-03T00:00:00.000Z,86d0e357-04a3-4f3f-901b-3c94354d14f5
15086,4,NC,North Carolina                ,0,2015-10-29T00:00:00.000Z,Major Disaster,Severe Storms and Flooding,Severe Storm,2015-10-01T00:00:00.000Z,2015-10-23T00:00:00.000Z,Turndown,2015-12-08T00:00:00.000Z,0,0,1,1,2015093001,2015-09-25T00:00:00.000Z,a625e0ad-9f6d-46d1-a581-ffa247e0f37f
15087,2,NJ,New Jersey                    ,0,2015-10-29T00:00:00.000Z,Major Disaster,NJ Severe Coastal Storm,Coastal Storm,2015-10-01T00:00:00.000Z,2015-10-04T00:00:00.000Z,Turndown,2015-11-10T00:00:00.000Z,0,0,1,1,2015101601,2015-10-01T00:00:00.000Z,7dd50b2b-8f72-4935-8d85-81f8ce7afd1f
15088,10,WA,Washington                    ,1,2015-11-03T00:00:00.000Z,Major Disaster,WA-Colville Indian Reservation-08/13/2015,Fire,2015-08-13T00:00:00.000Z,2015-09-10T00:00:00.000Z,Turndown,2015-11-23T00:00:00.000Z,1,0,0,0,2015110501,2015-08-13T00:00:00.000Z,0fecb77d-c460-4551-84bf-8d6d792a5fc8
16006,5,MI,Michigan                      ,0,2016-01-14T00:00:00.000Z,Major Disaster,Contaminated Water,Toxic Substances,2014-04-25T00:00:00.000Z,,Turndown,2016-01-22T00:00:00.000Z,1,0,1,1,2016010601,2014-04-25T00:00:00.000Z,ea8c0e85-201a-434b-994f-089420f30ac7
16019,6,NM,New Mexico                    ,0,2016-02-16T00:00:00.000Z,Major Disaster,Severe Winter Storm and Snowstorm,Severe Storm,2015-12-26T00:00:00.000Z,2015-12-27T00:00:00.000Z,Turndown,2016-05-10T00:00:00.000Z,0,0,1,1,2016021701,2015-12-26T00:00:00.000Z,40a32c03-6389-4dbb-abc5-1794eb7cf4fa
16025,5,IL,Illinois                      ,0,2016-02-26T00:00:00.000Z,Major Disaster,IL_Flooding_01012016,Flood,2015-12-23T00:00:00.000Z,2016-01-13T00:00:00.000Z,Turndown,2016-04-22T00:00:00.000Z,1,0,1,1,2016010101,2016-01-01T00:00:00.000Z,dc4932bf-089f-429f-b74d-510a04622724
16026,4,FL,Florida                       ,0,2016-02-29T00:00:00.000Z,Emergency,"Severe Storms, Tornadoes, and Straight-line Winds",Severe Storm,2016-02-15T00:00:00.000Z,2016-02-24T00:00:00.000Z,Turndown,2016-03-15T00:00:00.000Z,1,0,1,0,2016021901,2016-02-15T00:00:00.000Z,4d4b9419-eebf-4378-a0d1-6286d8097b7c
16027,6,LA,Louisiana                     ,0,2016-03-02T00:00:00.000Z,Major Disaster,LA - Flooding December 28 2015 - February 1 2016,Flood,2015-12-28T00:00:00.000Z,2016-02-01T00:00:00.000Z,Turndown,2016-06-15T00:00:00.000Z,0,0,1,1,2016030301,2015-12-28T00:00:00.000Z,5fdf35c6-7ada-4ee3-9bcf-b6931eba150d
16029,4,FL,Florida                       ,0,2016-03-16T00:00:00.000Z,Major Disaster,"Severe Storms, Tornadoes, and Straight-line Winds",Severe Storm,2016-02-15T00:00:00.000Z,2016-02-24T00:00:00.000Z,Turndown,2016-03-25T00:00:00.000Z,1,0,0,1,2016021901,2016-02-15T00:00:00.000Z,4c257dce-4ecc-4a56-87e9-33560298c7e6
16032,6,LA,Louisiana                     ,0,2016-03-18T00:00:00.000Z,Major Disaster,LA - Severe Storms and Tornadoes - February 2016,Severe Storm,2016-02-23T00:00:00.000Z,2016-02-23T00:00:00.000Z,Turndown,2016-04-29T00:00:00.000Z,1,0,1,1,2016031901,2016-02-23T00:00:00.000Z,a3a5d900-263c-460c-aa45-31f6f449a63f
16035,3,VA,Virginia                      ,0,2016-03-25T00:00:00.000Z,Major Disaster,Severe Storm and Tornadoes,Tornado,2016-02-24T00:00:00.000Z,2016-02-24T00:00:00.000Z,Turndown,2016-05-19T00:00:00.000Z,1,0,0,1,2016030101,2016-02-24T00:00:00.000Z,414dfb5c-1bd4-4cd4-bde0-81a63a7c53ce
16041,4,MS,Mississippi                   ,0,2016-05-13T00:00:00.000Z,Major Disaster,Severe Storms and Flooding,Flood,2016-04-28T00:00:00.000Z,2016-05-02T00:00:00.000Z,Turndown,2016-05-27T00:00:00.000Z,1,0,0,1,2016050601,2016-04-28T00:00:00.000Z,dc898599-409f-43ee-815e-6707e8890ea7
16043,9,CA,California                    ,1,2016-04-26T00:00:00.000Z,Major Disaster,Severe Winter Storm & Flooding,Severe Storm,2016-04-11T00:00:00.000Z,2016-05-10T00:00:00.000Z,Turndown,2016-05-25T00:00:00.000Z,0,0,1,0,2016052701,2016-04-11T00:00:00.000Z,38236347-95ca-4725-8ee9-019fe9fac1ae
16048,4,FL,Florida                       ,0,2016-06-13T00:00:00.000Z,Emergency,Orlando Terrorist Attack,Terrorist,2016-06-12T00:00:00.000Z,,Turndown,2016-06-20T00:00:00.000Z,0,0,1,0,2016061201,2016-06-12T00:00:00.000Z,63564147-3eea-4398-8690-0f571485ddf5
16055,6,OK,Oklahoma                      ,0,2016-06-29T00:00:00.000Z,Major Disaster,Severe Storms and Flooding,Flood,2016-06-11T00:00:00.000Z,,Turndown,2016-07-07T00:00:00.000Z,1,0,0,1,2016063001,2016-06-11T00:00:00.000Z,64e3c292-b972-40be-a129-c8bfa634df90
16056,4,FL,Florida                       ,0,2016-07-06T00:00:00.000Z,Emergency,Toxic Algae Blooms,Biological,2016-06-29T00:00:00.000Z,,Turndown,2016-08-25T00:00:00.000Z,0,0,1,0,2016070802,2016-07-07T00:00:00.000Z,267857d9-bd2e-45ea-9000-f051f7c0c77e
16061,9,CA,California                    ,0,2016-07-14T00:00:00.000Z,Major Disaster,Erskine Fire,Fire,2016-06-23T00:00:00.000Z,2016-07-06T00:00:00.000Z,Turndown,2016-07-22T00:00:00.000Z,1,0,0,1,2016062401,2016-06-23T00:00:00.000Z,83c5ec8d-ee7d-4db1-95c5-e689d71556f9
16063,7,KS,Kansas                        ,0,2016-07-21T00:00:00.000Z,Major Disaster,"Severe Storms, Tornadoes, Straight-line Winds, and",Severe Storm,2016-05-22T00:00:00.000Z,2016-05-31T00:00:00.000Z,Turndown,2016-09-29T00:00:00.000Z,0,0,1,1,2016061401,2016-05-22T00:00:00.000Z,797239da-2cd5-4d9a-9236-f2a67934f359
16074,8,MT,Montana                       ,1,2016-08-02T00:00:00.000Z,Major Disaster,Severe Storms and Straight Straight Line Winds,Severe Storm,2016-06-24T00:00:00.000Z,2016-06-24T00:00:00.000Z,Turndown,2016-08-12T00:00:00.000Z,1,0,0,1,2016080403,2016-06-24T00:00:00.000Z,7eb02b77-f2c4-40a3-81ce-f4405bddc1f3
16088,5,WI,Wisconsin                     ,1,2016-09-02T00:00:00.000Z,Major Disaster,Bad River Severe Storms and Flooding,Severe Storm,2016-07-11T00:00:00.000Z,2016-07-14T00:00:00.000Z,Turndown,2016-10-27T00:00:00.000Z,1,0,0,0,2016081603,2016-07-11T00:00:00.000Z,8da1682f-8c15-4aa6-b735-acec17e21457
16092,6,NM,New Mexico                    ,1,2016-09-21T00:00:00.000Z,Major Disaster,Flooding,Flood,2016-08-03T00:00:00.000Z,2016-08-05T00:00:00.000Z,Turndown,2016-11-28T00:00:00.000Z,1,0,0,1,2016092801,2016-08-03T00:00:00.000Z,198c85d5-b1b9-4867-ab76-3a5fd3d8cdd4
16108,10,WA,Washington                    ,1,2016-10-18T00:00:00.000Z,Major Disaster,Cayuse Mountain Fire,Fire,2016-08-21T00:00:00.000Z,2016-09-07T00:00:00.000Z,Turndown,2016-10-31T00:00:00.000Z,1,0,0,0,2016083001,2016-08-21T00:00:00.000Z,401c02ff-1069-40d7-ade6-0527c92f19f7
16112,3,DE,Delaware                      ,0,2016-10-27T00:00:00.000Z,Major Disaster,DE Severe Storms - 09/29/2016,Severe Storm,2016-09-29T00:00:00.000Z,2016-09-30T00:00:00.000Z,Turndown,2016-11-18T00:00:00.000Z,1,0,1,1,2016102401,2016-09-29T00:00:00.000Z,12a26581-ad29-423b-a166-abe001bbf500
16124,7,KS,Kansas                        ,0,2016-11-24T00:00:00.000Z,Emergency,Chemical Plant Explosion - Neodesha KS,Other,2016-11-22T00:00:00.000Z,,Turndown,2017-01-06T00:00:00.000Z,0,0,1,0,2016112301,2016-11-23T00:00:00.000Z,7eb2f66d-3838-43eb-bf4e-94248be6ce1f
17001,10,AK,Alaska                        ,1,2016-12-23T00:00:00.000Z,Major Disaster,Newtok Village-Yukip Tribe- Storm Damage,Severe Storm,2006-01-01T00:00:00.000Z,,Turndown,2017-01-18T00:00:00.000Z,1,0,1,1,2017010401,2006-01-01T00:00:00.000Z,c6f0906c-2915-4127-a2ea-062a2e16409d
17004,10,AK,Alaska                        ,1,2017-01-15T00:00:00.000Z,Major Disaster,Kivalina-StormFloodErosion-01-15-2017,Severe Storm,2017-01-13T00:00:00.000Z,,Turndown,2017-02-01T00:00:00.000Z,0,0,1,1,2017011701,2017-01-13T00:00:00.000Z,b1f51ff1-f89a-42e0-b9fb-526739eefcd1
17008,8,SD,South Dakota                  ,1,2017-01-25T00:00:00.000Z,Major Disaster,Severe Winter Storm,Severe Ice Storm,2016-12-25T00:00:00.000Z,2016-12-26T00:00:00.000Z,Turndown,2017-02-21T00:00:00.000Z,0,0,1,1,2017011801,2016-12-25T00:00:00.000Z,6e6542f6-3416-4d5b-97e5-b9ccd13f9e0e
17040,3,PA,Pennsylvania                  ,0,2017-05-02T00:00:00.000Z,Major Disaster,Severe Winter Storm - 03/13/2017,Snowstorm,2017-03-13T00:00:00.000Z,2017-03-16T00:00:00.000Z,Turndown,2017-06-13T00:00:00.000Z,0,0,1,1,2017031303,2017-03-13T00:00:00.000Z,dd18e68c-b928-4033-9d1b-e0b19869f2c2
17045,8,ND,North Dakota                  ,0,2017-04-29T00:00:00.000Z,Major Disaster,ND-Dakota Access Pipeline,Other,2016-08-10T00:00:00.000Z,2017-03-31T00:00:00.000Z,Turndown,2017-05-18T00:00:00.000Z,0,0,1,1,2017042701,2016-08-10T00:00:00.000Z,87d00b5c-c7f4-4983-ad28-3183de27a61d
17077,2,NY,New York                      ,0,2017-08-22T00:00:00.000Z,Major Disaster,NY June 30 Severe Storm,Severe Storm,2017-06-30T00:00:00.000Z,,Turndown,2018-01-26T00:00:00.000Z,0,0,0,0,2017081001,2017-06-30T00:00:00.000Z,4a04cf40-91ef-475a-9e6d-8f9d2cd13e2c
17084,8,ND,North Dakota                  ,0,2017-08-24T00:00:00.000Z,Major Disaster,ND-Severe Storm,Severe Storm,2017-07-20T00:00:00.000Z,2017-07-20T00:00:00.000Z,Turndown,2017-11-14T00:00:00.000Z,0,0,1,1,2017080402,2017-07-20T00:00:00.000Z,30c00f3b-7b55-4283-891e-a74bd50c7311
17088,5,IL,Illinois                      ,0,2017-08-31T00:00:00.000Z,Major Disaster,RV_IL_Flooding_07142017,Flood,2017-07-11T00:00:00.000Z,2017-07-27T00:00:00.000Z,Turndown,2017-11-07T00:00:00.000Z,1,0,0,1,2017071401,2017-07-14T00:00:00.000Z,d4d048f2-a2e2-4995-a605-28bc0b9fce22
17136,8,ND,North Dakota                  ,0,2017-08-07T00:00:00.000Z,Major Disaster,ND - Drought,Drought,2017-05-23T00:00:00.000Z,,Turndown,2017-10-07T00:00:00.000Z,0,0,0,1,2017101004,2017-06-22T00:00:00.000Z,4bd47bba-43b7-4ed7-98fb-f8a28da34983
17140,8,MT,Montana                       ,0,2017-11-15T00:00:00.000Z,Major Disaster,MT - historic series of wildfires,Other,2017-08-10T00:00:00.000Z,2017-09-20T00:00:00.000Z,Turndown,2018-04-26T00:00:00.000Z,0,0,1,1,2017112101,2017-08-10T00:00:00.000Z,5eecf8f4-37fd-429a-a182-1b49c6249d91
18014,5,IL,Illinois                      ,0,2018-04-11T00:00:00.000Z,Major Disaster,IL-Flooding-02202018-Region V,Flood,2018-02-18T00:00:00.000Z,2018-02-25T00:00:00.000Z,Turndown,2018-04-26T00:00:00.000Z,1,0,0,1,2018022301,2018-02-20T00:00:00.000Z,aedd75a6-175a-4587-ab03-0c60ebf6e05f
18031,6,LA,Louisiana                     ,0,2018-05-12T00:00:00.000Z,Major Disaster,Severe Weather and Tornados ,Severe Storm,2018-04-13T00:00:00.000Z,2018-04-14T00:00:00.000Z,Turndown,2018-07-12T00:00:00.000Z,1,0,0,1,2018050101,2018-04-06T00:00:00.000Z,c9b6568e-b1f7-4f0d-9a05-0ea3594b5618
18039,8,SD,South Dakota                  ,0,2018-06-14T00:00:00.000Z,Major Disaster,SD - Severe Thunderstorms & Flooding,Severe Storm,2018-05-17T00:00:00.000Z,,Turndown,2018-10-15T00:00:00.000Z,0,0,1,1,2018052501,2018-05-17T00:00:00.000Z,6a8e06ec-12f2-4e24-aa96-e4b5655499fb
18042,3,PA,Pennsylvania                  ,0,2018-06-22T00:00:00.000Z,Major Disaster,Pennsylvania Severe Storms - Landslides,Severe Storm,2018-02-15T00:00:00.000Z,2018-04-24T00:00:00.000Z,Turndown,2018-07-11T00:00:00.000Z,0,0,1,1,2018052101,2018-02-15T00:00:00.000Z,88d9f3c2-8a83-43af-8009-716c2189e6b9
18074,4,NC,North Carolina                ,0,2018-07-30T00:00:00.000Z,Major Disaster,RIV Tropical Weather ,Severe Storm,2018-05-15T00:00:00.000Z,2018-05-31T00:00:00.000Z,Turndown,2018-11-09T00:00:00.000Z,1,0,1,1,2018052301,2018-05-15T00:00:00.000Z,7a820713-967d-4c6a-be62-8eab07ea2b00
18095,2,NJ,New Jersey                    ,0,2018-08-30T00:00:00.000Z,Major Disaster,NJ Severe Storm and Flooding,Severe Storm,2018-08-11T00:00:00.000Z,2018-08-13T00:00:00.000Z,Turndown,2018-10-01T00:00:00.000Z,1,0,0,1,2018083003,2018-08-11T00:00:00.000Z,97f655ac-0f36-4e7b-8bcc-3566e1f1ec64
18109,6,LA,Louisiana                     ,0,2018-06-29T00:00:00.000Z,Major Disaster,Louisiana Spring Flooding,Flood,2018-02-21T00:00:00.000Z,2018-05-17T00:00:00.000Z,Turndown,2019-02-07T00:00:00.000Z,0,0,1,1,2018061802,2018-02-21T00:00:00.000Z,756a49f0-0a17-426c-b3b9-8a8cc692032f
19004,1,VT,Vermont                       ,0,2019-01-04T00:00:00.000Z,Major Disaster,Region I_11-26-2018_Severe Winter Storm,Snowstorm,2018-11-26T00:00:00.000Z,2018-11-28T00:00:00.000Z,Turndown,2019-04-08T00:00:00.000Z,0,0,1,1,2018112901,2018-11-26T00:00:00.000Z,ade75379-da18-48c5-821a-9c1414590dd3
19040,5,MI,Michigan                      ,0,2019-06-10T00:00:00.000Z,Major Disaster,MI - Flooding,Flood,2019-04-30T00:00:00.000Z,2019-05-01T00:00:00.000Z,Turndown,2019-09-06T00:00:00.000Z,1,0,0,1,2019060601,2019-05-01T00:00:00.000Z,121fbaac-75da-4f6d-b07a-22b860db57a6
19079,6,AR,Arkansas                      ,0,2019-09-12T00:00:00.000Z,Major Disaster,LA Tropical Storm Barry,Coastal Storm,2019-07-09T00:00:00.000Z,2019-07-15T00:00:00.000Z,Turndown,2019-10-04T00:00:00.000Z,0,0,1,1,2019070902,2019-07-09T00:00:00.000Z,031ba313-a607-46c8-8df5-9fc4aeefbe44
19082,8,SD,South Dakota                  ,0,2019-09-10T00:00:00.000Z,Major Disaster,SD - severe storms August 2-11 2019,Severe Storm,2019-08-02T00:00:00.000Z,2019-08-11T00:00:00.000Z,Turndown,2019-11-22T00:00:00.000Z,0,0,1,1,2019092401,2019-08-02T00:00:00.000Z,47dac4f9-1304-4c3c-9424-e9dfc990a0e4
19089,7,NE,Nebraska                      ,0,2019-10-21T00:00:00.000Z,Major Disaster,NE Flooding - 07/15/2019,Flood,2019-07-15T00:00:00.000Z,,Turndown,2020-01-07T00:00:00.000Z,1,0,1,1,2019100301,2019-07-15T00:00:00.000Z,da191976-13b2-4f5a-88a2-4874deb9cd4e
19104,10,AK,Alaska                        ,0,2019-11-25T00:00:00.000Z,Major Disaster,AK-Swan Lake Fire-20190605,Fire,2019-06-05T00:00:00.000Z,2019-10-02T00:00:00.000Z,Turndown,2020-01-27T00:00:00.000Z,0,0,1,1,2019110702,2019-06-05T00:00:00.000Z,37c157fc-b006-4004-b583-2af4f8d1d5a6
20004,6,TX,Texas                         ,0,2020-01-14T00:00:00.000Z,Major Disaster,TX - Tornados 10/20/2019,Tornado,2019-10-20T00:00:00.000Z,2019-10-21T00:00:00.000Z,Turndown,2020-06-10T00:00:00.000Z,0,0,1,1,2019102303,2019-10-20T00:00:00.000Z,3f49325c-4906-4904-baa2-cdf6b041fe65
20005,6,AR,Arkansas                      ,0,2019-12-03T00:00:00.000Z,Major Disaster,"AR - Severe Storms, Tornado 10/21/2019",Tornado,2019-10-21T00:00:00.000Z,2019-10-21T00:00:00.000Z,Turndown,2020-04-24T00:00:00.000Z,0,0,1,1,2019102801,2019-10-21T00:00:00.000Z,7253dbb3-d24f-435f-872c-bdeb4e0dc71a
20006,10,AK,Alaska                        ,0,2020-02-06T00:00:00.000Z,Major Disaster,Kenai Peninsula Borough Winter Storms,Severe Storm,2019-11-27T00:00:00.000Z,2019-12-10T00:00:00.000Z,Turndown,2020-03-05T00:00:00.000Z,0,0,1,1,2020012701,2019-11-27T00:00:00.000Z,5a6ca2ff-633f-4f32-8936-072f1ef34cf6
20146,10,AK,Alaska                        ,0,2020-04-06T00:00:00.000Z,Major Disaster,Kaktovik_School_Fire,Fire,2020-02-06T00:00:00.000Z,2020-02-07T00:00:00.000Z,Turndown,2020-06-19T00:00:00.000Z,0,0,1,0,2020032301,2020-03-23T00:00:00.000Z,b235dc2e-e44d-41be-bc14-33cd3ce01163
20169,4,GA,Georgia                       ,0,2020-04-22T00:00:00.000Z,Major Disaster,SEVERE THUNDERSTORMS ,Severe Storm,2020-04-12T00:00:00.000Z,2020-04-13T00:00:00.000Z,Turndown,2020-04-30T00:00:00.000Z,1,0,0,1,2020041101,2020-04-11T00:00:00.000Z,ed491e56-37fa-4171-b268-946313305c5f
20173,6,LA,Louisiana                     ,0,2020-04-25T00:00:00.000Z,Major Disaster,Louisiana - Tornado 4/12/2020,Tornado,2020-04-12T00:00:00.000Z,2020-04-12T00:00:00.000Z,Turndown,2020-04-30T00:00:00.000Z,1,0,0,1,2020041301,2020-04-12T00:00:00.000Z,e794e361-697f-402b-94e8-d3a382c33391
20206,5,MN,Minnesota                     ,0,2020-07-02T00:00:00.000Z,Major Disaster,MN Fires due to Civil Unrest,Civil Unrest,2020-05-27T00:00:00.000Z,2020-06-03T00:00:00.000Z,Turndown,2020-08-18T00:00:00.000Z,0,0,1,1,2020061801,2020-05-26T00:00:00.000Z,cd03ab7e-a440-4ad8-879e-3a9305d2c5de
20209,6,LA,Louisiana                     ,0,2020-07-10T00:00:00.000Z,Major Disaster,Louisiana - Tornado 4/22/2020,Tornado,2020-04-22T00:00:00.000Z,2020-04-22T00:00:00.000Z,Turndown,2020-09-09T00:00:00.000Z,0,0,1,1,2020042301,2020-04-22T00:00:00.000Z,f02c6cbc-7c52-415b-b442-ad3ee65d20a5
20224,4,MS,Mississippi                   ,0,2020-07-07T00:00:00.000Z,Major Disaster,TS Cristobal,Coastal Storm,2020-06-07T00:00:00.000Z,2020-06-08T00:00:00.000Z,Turndown,2020-11-18T00:00:00.000Z,0,0,1,1,2020060302,2020-06-05T00:00:00.000Z,3f9eaeea-83d9-43ac-8a35-2b75fd6c2ac6
20304,6,TX,Texas                         ,0,2020-09-30T00:00:00.000Z,Major Disaster,TX - Hurricane Hanna,Hurricane,2020-07-25T00:00:00.000Z,2020-07-31T00:00:00.000Z,Turndown,2021-06-01T00:00:00.000Z,0,0,1,1,2020072502,2020-07-25T00:00:00.000Z,8215d484-0daf-4c75-bf41-dee2d8d7e7bf
20312,3,PA,Pennsylvania                  ,0,2020-10-05T00:00:00.000Z,Major Disaster,Tropical Storm Isaias,Hurricane,2020-08-03T00:00:00.000Z,2020-08-04T00:00:00.000Z,Turndown,2020-11-18T00:00:00.000Z,1,0,1,1,2020072601,2020-08-03T00:00:00.000Z,415c2a3e-d03d-46af-87e5-5e8c9cc20320
21003,3,VA,Virginia                      ,0,2021-01-15T00:00:00.000Z,Emergency,National Special Security Event - 59th Presidentia,Other,2021-01-06T00:00:00.000Z,,Turndown,2021-03-18T00:00:00.000Z,0,0,1,0,2021011002,2021-01-06T00:00:00.000Z,6fa0cf04-a442-4921-aef3-7192f87f2ecf
21004,3,MD,Maryland                      ,0,2021-01-15T00:00:00.000Z,Emergency,National Special Security Event - 59th Presidentia,Other,2021-01-06T00:00:00.000Z,,Turndown,2021-03-17T00:00:00.000Z,0,0,1,0,2021011002,2021-01-06T00:00:00.000Z,82cdaebd-332e-4a6d-bab1-18a8b7334657
21008,4,AL,Alabama                       ,0,2021-02-12T00:00:00.000Z,Major Disaster,Severe Weather/Tornados,Tornado,2021-01-25T00:00:00.000Z,2021-01-25T00:00:00.000Z,Turndown,2021-03-17T00:00:00.000Z,1,0,0,1,2021020401,2021-01-25T00:00:00.000Z,ee059107-1851-4ce1-9146-526e400f4674
21057,8,WY,Wyoming                       ,0,2021-05-07T00:00:00.000Z,Major Disaster,WY 2021 Winter Storm-Snow,Snowstorm,2021-03-13T00:00:00.000Z,2021-03-15T00:00:00.000Z,Turndown,2021-07-21T00:00:00.000Z,0,0,1,1,2021051201,2021-03-13T00:00:00.000Z,38cb600c-6d3e-41d2-90d9-668163277f55
21076,8,MT,Montana                       ,1,2021-08-02T00:00:00.000Z,Major Disaster,MT - Ft Peck Indian Res - Straight Line Winds,Severe Storm,2021-06-08T00:00:00.000Z,2021-06-08T00:00:00.000Z,Turndown,2021-09-13T00:00:00.000Z,1,0,0,1,2021080902,2021-06-08T00:00:00.000Z,e951a080-1fbd-453a-b47f-ab8a3f439742
21079,4,KY,Kentucky                      ,0,2021-08-19T00:00:00.000Z,Major Disaster,R4 Kentucky Flash Flooding,Flood,2021-07-29T00:00:00.000Z,2021-07-30T00:00:00.000Z,Turndown,2021-10-08T00:00:00.000Z,1,0,0,0,2021080601,2021-07-29T00:00:00.000Z,12473ede-1db1-4808-b74f-f2b959984dfc
21108,3,MD,Maryland                      ,0,2021-09-27T00:00:00.000Z,Major Disaster,Remnants of Hurricane Ida,Hurricane,2021-08-31T00:00:00.000Z,2021-09-04T00:00:00.000Z,Turndown,2021-10-08T00:00:00.000Z,1,0,0,1,2021082601,2021-08-27T00:00:00.000Z,a5bcb19c-d107-4b32-960c-3841f7b23e9e
21109,6,TX,Texas                         ,0,2021-09-20T00:00:00.000Z,Emergency,Texas - Border Security,Other,2021-05-31T00:00:00.000Z,,Turndown,2021-10-24T00:00:00.000Z,0,0,1,0,2021092001,2021-05-31T00:00:00.000Z,ec7bcb32-2e01-4e55-802c-ae665c6d79f4
21112,5,MN,Minnesota                     ,1,2021-09-30T00:00:00.000Z,Major Disaster,Red Lake Severe Storms,Tornado,2021-07-26T00:00:00.000Z,2021-07-26T00:00:00.000Z,Turndown,2021-10-24T00:00:00.000Z,1,0,1,1,2021092801,2021-07-26T00:00:00.000Z,dfb656eb-13f9-45ee-9392-7a52e5cc4968
21114,6,NM,New Mexico                    ,0,2021-10-06T00:00:00.000Z,Major Disaster,New Mexico Severe Storms and Flooding,Flood,2021-08-12T00:00:00.000Z,2021-08-16T00:00:00.000Z,Turndown,2021-11-12T00:00:00.000Z,1,0,1,1,2021100601,2021-08-12T00:00:00.000Z,20fa1188-4ea3-4c96-b127-9291eb594cb5
21118,10,OR,Oregon                        ,0,2021-10-06T00:00:00.000Z,Major Disaster,OR-Bootleg Fire-07/10/21,Fire,2021-07-06T00:00:00.000Z,2021-08-15T00:00:00.000Z,Turndown,2021-10-26T00:00:00.000Z,1,0,0,1,2021071101,2021-07-10T00:00:00.000Z,e042054f-d178-4e13-9d90-04d70c0911a0
22006,4,FL,Florida                       ,0,2022-01-24T00:00:00.000Z,Major Disaster,R04 FL Severe Storms and Tornadoes,Tornado,2022-01-16T00:00:00.000Z,2022-01-16T00:00:00.000Z,Turndown,2022-04-24T00:00:00.000Z,1,0,0,0,2022011801,2022-01-16T00:00:00.000Z,b061d181-7779-46e5-8e4f-e9bc46602f85
22035,4,MS,Mississippi                   ,0,2022-04-28T00:00:00.000Z,Major Disaster,"Severe Storms and Tornadoes - March 21-22, 2022",Severe Storm,2022-03-22T00:00:00.000Z,2022-03-22T00:00:00.000Z,Turndown,2022-07-18T00:00:00.000Z,1,0,0,1,2022032102,2022-03-21T00:00:00.000Z,5027f2b3-ebb4-432f-a2dc-31b51643666a
22037,4,MS,Mississippi                   ,0,2022-04-29T00:00:00.000Z,Major Disaster,R04 Severe Storms,Severe Storm,2022-03-30T00:00:00.000Z,2022-03-30T00:00:00.000Z,Turndown,2022-07-02T00:00:00.000Z,1,0,0,1,2022033001,2022-03-30T00:00:00.000Z,7ae12d13-e790-4d03-b009-5d76b1754bd2
22044,4,TN,Tennessee                     ,0,2022-05-27T00:00:00.000Z,Major Disaster,R04 Wears Valley Wildfire ,Fire,2022-03-30T00:00:00.000Z,2022-04-05T00:00:00.000Z,Turndown,2022-07-02T00:00:00.000Z,1,0,0,1,2022051203,2022-03-30T00:00:00.000Z,d86cc854-dee7-4992-a17f-448d3eedbe38
22045,3,WV,West Virginia                 ,0,2022-06-03T00:00:00.000Z,Major Disaster,"WV, Severe Storms and Flooding- May 6, 2022",Flood,2022-05-06T00:00:00.000Z,2022-05-07T00:00:00.000Z,Turndown,2022-08-27T00:00:00.000Z,1,0,0,1,2022052301,2022-05-06T00:00:00.000Z,f5e04b89-ee61-4fb0-bd3b-9a8ed15f6fb8
22046,5,MI,Michigan                      ,0,2022-06-08T00:00:00.000Z,Major Disaster,MI - Otsego County - Tornado and Severe Weather,Tornado,2022-05-20T00:00:00.000Z,2022-05-20T00:00:00.000Z,Turndown,2022-07-02T00:00:00.000Z,1,0,0,1,2022060301,2022-05-20T00:00:00.000Z,f8441f13-1025-4751-ad28-936b6f0495a9
22081,10,OR,Oregon                        ,0,2022-09-09T00:00:00.000Z,Emergency,Oregon Wildfire Response ,Fire,2022-09-08T00:00:00.000Z,,Turndown,2023-01-04T00:00:00.000Z,0,0,1,0,2022091001,2022-09-08T00:00:00.000Z,cf5a8f87-75f3-416b-848d-251e1dfe7806
22092,4,GA,Georgia                       ,0,2022-10-04T00:00:00.000Z,Major Disaster,"R4 Flooding in Chattooga/Floyd Counties, GA",Flood,2022-09-04T00:00:00.000Z,2022-09-14T00:00:00.000Z,Turndown,2022-12-31T00:00:00.000Z,1,0,0,0,2022090602,2022-09-04T00:00:00.000Z,bc97d896-4cdf-4d82-9ee4-5630f1f82345
22094,3,WV,West Virginia                 ,0,2022-10-14T00:00:00.000Z,Major Disaster,WV Severe Storms and Flooding ,Flood,2022-07-25T00:00:00.000Z,2022-08-01T00:00:00.000Z,Turndown,2022-12-05T00:00:00.000Z,0,0,1,1,2022092002,2022-07-25T00:00:00.000Z,f5edf6fd-8f42-4f3d-8edb-fe19d924f0ef
22095,3,WV,West Virginia                 ,0,2022-10-14T00:00:00.000Z,Major Disaster,WV Severe Storms and Flooding ,Flood,2022-08-11T00:00:00.000Z,2022-08-11T00:00:00.000Z,Turndown,2022-12-05T00:00:00.000Z,0,0,1,1,2022092001,2022-08-11T00:00:00.000Z,0b77c39d-6cc2-4456-b75e-7217ca671fcf
22098,8,UT,Utah                          ,0,2022-10-19T00:00:00.000Z,Major Disaster,UT Flooding - 08/19/2022,Flood,2022-08-19T00:00:00.000Z,2022-08-21T00:00:00.000Z,Turndown,2023-01-18T00:00:00.000Z,0,0,1,1,2022092701,2022-08-19T00:00:00.000Z,e71c209f-47a2-4557-8d7a-9788bc438140
22100,9,CA,California                    ,0,2022-10-26T00:00:00.000Z,Major Disaster,California Extreme Heat Event and Wildfires,Fire,2022-08-29T00:00:00.000Z,,Turndown,2023-05-16T00:00:00.000Z,1,0,1,1,2022100501,2022-08-30T00:00:00.000Z,7f455188-6bdd-40e6-ae00-239af384dabd
23001,6,OK,Oklahoma                      ,1,2023-01-03T00:00:00.000Z,Major Disaster,Severe Weather 11/4/2022,Severe Storm,2022-11-04T00:00:00.000Z,2022-11-04T00:00:00.000Z,Turndown,2023-05-18T00:00:00.000Z,0,0,1,1,2022110401,2022-11-04T00:00:00.000Z,7ce03a71-36e0-4988-81a4-c5743fbd4e24
23010,6,TX,Texas                         ,0,2023-02-07T00:00:00.000Z,Major Disaster,Severe Weather,Severe Storm,2023-01-24T00:00:00.000Z,2023-01-24T00:00:00.000Z,Turndown,2023-03-16T00:00:00.000Z,1,0,0,1,2023012401,2023-01-24T00:00:00.000Z,282b334f-fbfd-4ae4-9a27-9d1d8616cb9b
23019,9,HI,Hawaii                        ,0,2023-01-20T00:00:00.000Z,Major Disaster,Mauna Loa Volcanic Eruption,Volcanic Eruption,2022-11-27T00:00:00.000Z,2022-12-16T00:00:00.000Z,Turndown,2023-03-01T00:00:00.000Z,0,0,1,1,2022120301,2022-11-28T00:00:00.000Z,8791ee26-288c-407a-b112-f4b9db3de51a
23020,10,OR,Oregon                        ,0,2023-02-28T00:00:00.000Z,Major Disaster,OR - Severe Winter Storm,Severe Storm,2022-12-26T00:00:00.000Z,2022-12-31T00:00:00.000Z,Turndown,2023-04-05T00:00:00.000Z,0,0,1,1,2023020101,2022-12-26T00:00:00.000Z,b74bb480-3688-44c5-910f-2800ef327936
23026,8,ND,North Dakota                  ,0,2023-03-21T00:00:00.000Z,Major Disaster,ND freezing fog,Freezing,2023-01-16T00:00:00.000Z,2023-01-20T00:00:00.000Z,Turndown,2023-05-09T00:00:00.000Z,0,0,1,1,2023031701,2023-01-16T00:00:00.000Z,44094d34-beb4-42c7-8bfd-b8b2b0d0548e
23040,5,IL,Illinois                      ,0,2023-04-05T00:00:00.000Z,Emergency,R5-Illinois-March 31st Severe Storms Tornadoes ,Severe Storm,2023-03-31T00:00:00.000Z,2023-04-01T00:00:00.000Z,Turndown,2023-05-06T00:00:00.000Z,0,0,1,0,2023041002,2023-03-31T00:00:00.000Z,baeceb00-e32c-40dd-83a7-855c090505a6
23051,1,NH,New Hampshire                 ,0,2023-05-12T00:00:00.000Z,Major Disaster,Severe Winter Storm ,Snowstorm,2023-03-13T00:00:00.000Z,2023-03-15T00:00:00.000Z,Turndown,2023-06-12T00:00:00.000Z,0,0,1,1,2023032901,2023-03-13T00:00:00.000Z,6444adbc-e993-408d-a756-fee5a80e73e3
23055,4,GA,Georgia                       ,0,2023-05-26T00:00:00.000Z,Major Disaster,Severe Weather,Severe Storm,2023-03-25T00:00:00.000Z,2023-03-27T00:00:00.000Z,Turndown,2023-08-22T00:00:00.000Z,1,0,1,1,2023032302,2023-03-24T00:00:00.000Z,bef2b30a-3c42-44a0-9b39-25542a6902eb
23057,7,IA,Iowa                          ,0,2023-06-06T00:00:00.000Z,Emergency,R7 Iowa Building Collapse,Other,2023-05-28T00:00:00.000Z,2023-05-28T00:00:00.000Z,Turndown,2023-06-28T00:00:00.000Z,0,0,1,0,2023060701,2023-05-28T00:00:00.000Z,b846e2ca-e5e1-480b-856b-bf2a36506072
23060,5,MI,Michigan                      ,0,2023-06-15T00:00:00.000Z,Major Disaster,Flooding/ Spring Thaw/ Snow Melt MI,Flood,2023-04-10T00:00:00.000Z,2023-05-14T00:00:00.000Z,Turndown,2023-08-25T00:00:00.000Z,0,0,1,1,2023051102,2023-04-10T00:00:00.000Z,f08833f5-395c-4ebf-b6c8-fcbc1b71d0ee
23066,10,AK,Alaska                        ,1,2023-06-29T00:00:00.000Z,Emergency,Severed Fiber Optic Cable,Other,2023-06-10T00:00:00.000Z,,Turndown,2023-07-24T00:00:00.000Z,0,0,1,0,2023070601,2023-06-10T00:00:00.000Z,5ba79d3a-c7cc-4045-a9b3-f7d441827a32
23079,1,NH,New Hampshire                 ,0,2023-07-28T00:00:00.000Z,Major Disaster,Flooding ,Flood,2023-04-30T00:00:00.000Z,2023-05-01T00:00:00.000Z,Turndown,2023-09-26T00:00:00.000Z,0,0,1,1,2023051002,2023-04-30T00:00:00.000Z,52ef399a-0649-4978-ada0-841d10d96640
23082,3,PA,Pennsylvania                  ,0,2023-07-31T00:00:00.000Z,Major Disaster,R3_07092023 Severe Storms and Flooding _PA,Flood,2023-07-09T00:00:00.000Z,2023-07-09T00:00:00.000Z,Turndown,2023-09-26T00:00:00.000Z,1,0,1,1,2023071702,2023-07-09T00:00:00.000Z,30a93d94-e526-4a81-a084-8a6329d797ea
23094,7,IA,Iowa                          ,0,2023-06-20T00:00:00.000Z,Major Disaster,R7 Iowa Building Collapse,Other,2023-05-28T00:00:00.000Z,2023-05-28T00:00:00.000Z,Turndown,2023-08-15T00:00:00.000Z,0,0,1,0,2023060701,2023-05-28T00:00:00.000Z,b630fd9f-f818-498a-9fce-821b9a7b79bc
23099,4,KY,Kentucky                      ,0,2023-08-18T00:00:00.000Z,Major Disaster,Severe Storms straight-line winds & flash flooding,Severe Storm,2023-07-17T00:00:00.000Z,2023-07-20T00:00:00.000Z,Turndown,2023-09-26T00:00:00.000Z,1,0,0,0,2023073102,2023-07-16T00:00:00.000Z,91068688-0d90-4ba9-b4dd-ed5485c96f8b
23117,10,AK,Alaska                        ,0,2023-09-05T00:00:00.000Z,Major Disaster,Mendenhall Glacier Dam Burst,Dam/Levee Break,2023-08-04T00:00:00.000Z,2023-08-06T00:00:00.000Z,Turndown,2023-09-26T00:00:00.000Z,1,0,1,1,2023081501,2023-08-05T00:00:00.000Z,89975fa9-3196-48f2-af09-9a2f729fbba2
